facility_id,facility_name,state,sub_id,sub_name,zone,baseline_gwh,dist_km
1000038,TYSON FRESH MEATS,WA,35505,TOUCHET,BPAT,64.03940215076885,8.53
1000066,"INGOMAR PACKING COMPANY, LLC",CA,36531,LOS BANOS 1,CISO-PGAE,181.2437932935241,4.17
1000357,CARGILL MEAT SOLUTIONS CORPORATION,CO,39313,BRUSH 4,PSCO,92.4563446975998,8.37
1000378,Abbott Laboratories,AZ,38484,CASA GRANDE 5,Arizona,45.26012800737311,0.99
1000606,LAMB WESTON INCORPORATED,ID,39568,AMERICAN FALLS 4,PACE,90.69053817695732,3.34
1000607,LAMB WESTON,WA,35376,CONNELL,BPAT,50.48626685954139,5.07
1000609,LAMB WESTON INC. Hermiston,OR,35787,HERMISTON 4,BPAT,83.22866977549607,0.2
1000611,LAMB WESTON INC. PASCO,WA,35504,PASCO 3,BPAT,66.9561137416964,2.09
1000613,Lamb Weston Holdings Inc,WA,35345,QUINCY 1,GCPD,56.13322668741848,14.03
1000614,Lamb Weston Inc.,WA,35358,RICHLAND 1,BPAT,123.8596517889344,2.52
1000615,Lamb Weston Twin Falls,ID,39489,TWIN FALLS 1,IPCO,98.05599471390715,7.67
1000624,WestRock Tacoma Mill,WA,35456,TACOMA 21,BPAT,156.8774248727925,0.32
1000891,Olam West Coast Inc,CA,36543,FIREBAUGH 1,CISO-PGAE,56.51492229052332,6.51
1000903,Liberty Packing,CA,36531,LOS BANOS 1,CISO-PGAE,280.9466928156258,3.07
1000904,MORNING STAR PACKING CO (Williams),CA,35872,COLUSA,CISO-PGAE,269.1414733578715,7.26
1000907,THE MORNING STAR PACKING CO (Los Banos),CA,36532,LOS BANOS 2,CISO-PGAE,117.17624249917104,8.41
1001154,Itafos Conda LLC,ID,39530,SODA SPRINGS,PACE,677.073468873848,4.79
1001735,HILMAR CHEESE COMPANY,CA,36528,TURLOCK 2,TIDC,148.9127192298801,3.42
1001739,THE WESTERN SUGAR COOPERATIVE,WY,39350,LOVELL,PACE,6.523296276318754,21.18
1001783,WESTERN SUGAR COOPERATIVE,MT,39693,BILLINGS 8,NWMT,12.261960310319466,1.48
1001823,WESTERN SUGAR COOP,CO,39313,BRUSH 4,PSCO,10.751458667843794,11.46
1001908,APACHE NITROGEN PRODUCTS - PLANT,AZ,38400,SAINT DAVID,Arizona,20.20689876550414,11.78
1001985,JR SIMPLOT COMPANY - FOOD GROUP,ID,39437,CALDWELL 2,IPCO,128.2607782336518,1.73
1002083,"YUMA ETHANOL, LLC",CO,39263,YUMA 9,PSCO,25.647252511715006,0.99
1002149,International Paper - Springfield Mill,OR,35792,SPRINGFIELD 5,BPAT,129.52074556164044,0.31
1002152,PROCTER & GAMBLE PAPER PRODUCTS,CA,37247,OXNARD 12,CISO-SCE,200.24431507134847,2.65
1002205,FOSTER FARMS LIVINGSTON COMPLEX,CA,36533,DELHI,TIDC,128.04809443305888,5.32
1002230,SAPUTO CHEESE USA INC,CA,36608,VISALIA 1,CISO-SCE,119.19561072537662,4.88
1002285,MCCAIN FOODS USA INC,ID,39501,BURLEY 1,IPCO,163.92820113830703,7.22
1002287,MCCAIN FOODS USA INC,WA,35366,OTHELLO,BPAT,113.55164793833907,7.35
1002394,Frito-Lay COGEN PLANT,CA,36743,BAKERSFIELD 1,CISO-PGAE,49.90553635028436,11.8
1002804,J R SIMPLOT CO,WA,35366,OTHELLO,BPAT,99.69297318894924,7.27
1002832,J. R. Simplot Co.,WA,35357,MOSES LAKE 2,GCPD,42.15478131752205,11.37
1002867,ANHEUSER BUSCH INC. - L.A. BREWERY,CA,36885,NORTH HOLLYWOOD 1,LDWP,42.83698767940398,1.84
1002874,LAND O\LAKES INCORPORATED,CA,36608,VISALIA 1,CISO-SCE,118.56134110988438,4.21
1002893,BOISE PAPER,WA,35505,TOUCHET,BPAT,75.08084230562085,4.17
1003087,SIMPLOT PHOSPHATES,WY,39343,ROCK SPRINGS 1,PACE,51.965654597153,10.96
1003352,ANHEUSER BUSCH INCORPORATED FORT COLLINS BREWERY,CO,39066,FORT COLLINS 5,PSCO,45.40605273778903,6.42
1003568,Molson Coors USA LLC - Golden Brewery,CO,39046,DENVER 8,PSCO,284.8624036212872,4.49
1003636,J R SIMPLOT COMPANY,CA,36671,SAN JOAQUIN 2,CISO-PGAE,4.471200105239899,7.42
1004017,CASCADE PACIFIC PULP HALSEY PULP MILL,OR,35612,BROWNSVILLE,BPAT,44.86822292470397,11.42
1004022,JBS Swift Beef Company - Greeley Plant,CO,39229,EATON,PSCO,138.30488430931408,2.15
1004055,GEORGIA-PACIFIC TOLEDO LLC,OR,35794,TOLEDO 2,BPAT,187.3401561723284,0.48
1004205,"CAMPBELL SOUP SUPPLY COMPANY, LLC DBA DIXON CANNING CORP.",CA,36398,DIXON,CISO-PGAE,71.61605893347809,5.67
1004236,AGRIUM US INC - KFO,WA,35370,KENNEWICK 5,BPAT,1.553154513440907,2.98
1004262,SENSIENT NATURAL INGREDIENTS LLC,CA,36537,LIVINGSTON 1,TIDC,109.80557154211672,4.87
1004277,"Clearwater Paper Las Vegas, LLC",NV,38008,NORTH LAS VEGAS 11,NEVP,21.70868288589476,0.75
1004701,Borman Specialty Materials,NV,37985,HENDERSON 15,NEVP,39.81122362181142,1.29
1004705,CLEARWATER PAPER CORP,ID,39538,LEWISTON 4,BPAT,85.396778426672,0.85
1004832,J.G. Boswell Tomato Company Kings LLC,CA,36660,CORCORAN 2,CISO-PGAE,49.55169322877933,7.98
1004956,J.G. Boswell Tomato Company Kern LLC,CA,37281,TUPMAN 2,CISO-PGAE,82.35354206478458,14.23
1005035,JR SIMPLOT COMPANY DON SIDING COMPLEX,ID,39508,POCATELLO 1,PACE,186.3653079667511,13.2
1005050,Willamette Falls Paper Company,OR,35679,PORTLAND 25,PGE,45.27756337723219,0.87
1005517,Olam West Coast Inc,CA,36432,GILROY 3,CISO-PGAE,103.63354016114032,0.42
1005651,LAMB WESTON INCORPORATED,OR,35790,BOARDMAN 2,BPAT,68.27631605096329,0.74
1005657,CALIFORNIA DAIRIES INC TIPTON,CA,36613,PIXLEY,CISO-SCE,93.13566589519766,2.95
1005658,CALIFORNIA DAIRIES INC FRESNO,CA,36579,FRESNO 12,CISO-PGAE,63.768416211338575,1.24
1005659,CALIFORNIA DAIRIES INC VISALIA,CA,36609,VISALIA 2,CISO-SCE,128.45883814646018,4.87
1005707,AMALGAMATED SUGAR CO LLC,ID,39448,NAMPA 5,IPCO,34.095134982071286,1.76
1005712,AMALGAMATED SUGAR CO LLC,ID,39489,TWIN FALLS 1,IPCO,34.246070466704126,6.96
1005732,PORT TOWNSEND PAPER CORP,WA,35035,PORT TOWNSEND,PSEI,241.02192023878507,11.28
1005766,Dyno Nobel,OR,35605,SCAPPOOSE,BPAT,55.855787743577295,11.8
1005864,HOLLY SUGAR CORP DBA SPRECKELS COMPANY,CA,37755,IMPERIAL 2,IID,9.825721918875594,5.16
1005924,Cheyenne Plant,WY,39373,CHEYENNE 1,WACM,121.1816621492498,9.25
1005938,"New-Indy Ontario, LLC",CA,37767,ONTARIO 9,CISO-SCE,74.88239413017212,0.3
1005998,GEORGIA-PACIFIC CONSUMER OPERATIONS LLC,WA,35438,CAMAS 3,BPAT,35.13844283845008,0.24
1006048,New-Indy Oxnard LLC,CA,37190,OXNARD 9,CISO-SCE,44.3106361967122,1.86
1006055,"STERLING ETHANOL, LLC",CO,39258,STERLING,PSCO,25.69760552375008,11.5
1006104,PACIFIC COAST PRODUCERS,CA,36037,WOODLAND 5,CISO-PGAE,78.19609407767915,2.14
1006296,"Glanbia Foods, Inc.",ID,39486,GOODING,IPCO,69.46045618542749,12.74
1006360,NIPPON DYNAWAVE PACKAGING,WA,35496,LONGVIEW 4,BPAT,355.2170916702451,0.12
1006412,AMALGAMATED SUGAR CO LLC,ID,39502,PAUL,IPCO,38.45214449217428,6.31
1006445,ConAgra Foods Inc.,CA,36512,MODESTO 3,BANC,127.49101366962984,12.97
1006447,DEL MONTE FOODS PLANT NUMBER 24,CA,36680,HANFORD 3,CISO-PGAE,53.82732076718953,1.69
1006454,WESTROCK LONGVIEW LLC,WA,35443,LONGVIEW 3,BPAT,294.374540509007,0.78
1006479,"Leprino Foods, Greeley",CO,39227,LA SALLE,PSCO,197.07884617043945,4.27
1006520,"Cascades Tissue Group-Oregon, a division of Cascades Holding US Inc",OR,35605,SCAPPOOSE,BPAT,20.79800643623008,7.43
1006580,UNITED DAIRYMEN OF ARIZONA - DAIRY,AZ,38482,CHANDLER 15,Arizona,80.64424639969926,2.5
1006594,Leprino Foods - Lemoore West,CA,36635,LEMOORE 4,CISO-PGAE,100.80413595844976,6.13
1006836,CALIFORNIA DAIRIES INC TURLOCK,CA,36685,TURLOCK 5,TIDC,67.14584819528103,0.98
1006942,FRONT RANGE ENERGY,CO,39090,FORT COLLINS 9,PSCO,19.20607071867507,5.52
1007014,SWIFT BEEF CO,UT,38647,PROVIDENCE,PACE,86.16192925409378,2.85
1007263,ALTO COLUMBIA LLC,OR,35790,BOARDMAN 2,BPAT,18.18666951524852,1.64
1007264,ALTO MAGIC VALLEY LLC,ID,39501,BURLEY 1,IPCO,20.92631613732127,5.12
1007461,STANISLAUS FOOD PRODUCTS COMPANY,CA,36691,MODESTO 12,BANC,121.34754989482894,3.1
1007539,ECO SERVICES DOMINGUEZ,CA,36996,LOS ANGELES 61,CISO-SCE,55.38163412534804,1.77
1007561,WYOMING SUGAR CO,WY,39351,WORLAND,PACE,5.121551460868871,16.29
1007943,P4 PRODUCTION L L C,ID,39530,SODA SPRINGS,PACE,685.3839247044854,8.47
1008042,WAUNA MILL,OR,35779,CLATSKANIE 3,BPAT,409.5269262716415,0.34
1009528,Procter & Gamble Paper Products,UT,38564,BRIGHAM CITY,PACE,27.31379279394637,7.92
1010003,Los Gatos Tomato Products,CA,36683,HURON,CISO-PGAE,134.5984554960405,8.38
1010345,Olam West Coast Inc,CA,36635,LEMOORE 4,CISO-PGAE,0.8789487072477592,4.54
1010722,Basic American Foods,WA,35356,MOSES LAKE 1,GCPD,45.15545137810244,14.8
1010891,Darigold Inc,WA,35344,GRANDVIEW,BPAT,71.71114390937696,9.17
1011640,Sorrento Lactalis,ID,39449,NAMPA 6,IPCO,82.71797791742817,6.28
1011964,Basic American Foods Rexburg,ID,39527,SAINT ANTHONY,PACE,90.8510451111383,5.63
1012089,"Aemetis Advanced Fuels Keyes, Inc.",CA,36520,CERES 1,TIDC,19.109132927498106,1.97
1012094,TomaTek / Neil Jones Food Companies,CA,36684,MENDOTA 2,CISO-PGAE,70.190600034935,11.68
1012181,North Pacific Paper Company LLC,WA,35496,LONGVIEW 4,BPAT,26.375627922426347,0.66
1012645,"Lamb Weston, Inc",OR,35790,BOARDMAN 2,BPAT,50.035461502979416,0.63
1012864,Agropur,ID,39492,JEROME,IPCO,59.52953396428531,3.41
1013489,Frito Lay Modesto,CA,36656,MODESTO 11,BANC,42.982105502990514,0.72
1013637,CS Beef Packers,ID,39460,KUNA 1,IPCO,70.0404936445683,0.84
1014521,Chobani,ID,39570,KIMBERLY 2,IPCO,58.217268482914,6.74
1014644,Milne Fruit Products,WA,35348,PROSSER,BPAT,13.835060942764114,8.14
1014832,Darling Ingredients Inc,CA,37002,LOS ANGELES 63,LDWP,62.42758243151726,0.83
