sub_id,balancing_area
37233,CISO-SCE
35491,PSEI
35492,BPAT
37191,CISO-SCE
37192,CISO-SCE
37193,CISO-SCE
37194,CISO-PGAE
37195,CISO-SCE
37196,CISO-PGAE
37197,CISO-SCE
37198,CISO-SCE
35490,AVA
37234,CISO-SCE
37236,CISO-SCE
37237,CISO-PGAE
37238,CISO-SCE
37239,CISO-SCE
37240,LDWP
37190,CISO-SCE
37225,CISO-SCE
37226,CISO-SCE
35814,BPAT
35496,BPAT
35502,AVA
35503,BPAT
35504,BPAT
35505,BPAT
35506,BPAT
35507,BPAT
35508,CHPD
35493,BPAT
35494,DOPD
35495,PSEI
37228,CISO-SCE
35497,PSEI
35498,AVA
35499,GCPD
35500,BPAT
35485,AVA
35486,BPAT
35487,BPAT
35488,BPAT
35489,BPAT
38480,Arizona
38483,Arizona
36455,CISO-PGAE
36456,CISO-PGAE
36457,CISO-PGAE
36458,CISO-PGAE
36459,CISO-PGAE
36460,CISO-PGAE
37208,CISO-PGAE
38482,Arizona
38481,Arizona
38484,Arizona
38479,Arizona
38478,Arizona
38477,Arizona
38491,Arizona
37199,CISO-SCE
38490,Arizona
37201,CISO-SCE
38489,Arizona
37203,CISO-SCE
37223,CISO-SCE
37229,CISO-SCE
37230,CISO-PGAE
37231,CISO-PGAE
37232,CISO-SCE
35826,GRID
37216,CISO-PGAE
37217,LDWP
37218,CISO-SCE
37219,CISO-PGAE
37221,CISO-SCE
35501,BPAT
37224,CISO-SCE
35825,BPAT
35824,IPCO
35823,BPAT
35822,PACW
36429,CISO-PGAE
36430,CISO-PGAE
36431,CISO-PGAE
36432,CISO-PGAE
38515,Arizona
36073,CISO-PGAE
36072,CISO-PGAE
35438,BPAT
38512,Arizona
38511,Arizona
35441,PSEI
35442,AVA
38510,Arizona
38509,Arizona
38516,WALC
35432,BPAT
38514,Arizona
38513,WALC
35430,PSEI
35431,BPAT
37267,CISO-SCE
37268,CISO-SCE
37269,CISO-SCE
37270,CISO-SCE
37271,CISO-SCE
37272,CISO-SCE
37241,CISO-SCE
37247,CISO-SCE
37248,CISO-PGAE
37249,CISO-SCE
37250,CISO-PGAE
37297,LDWP
36065,CISO-PGAE
36064,BANC
38750,PACE
36077,CISO-PGAE
36076,CISO-PGAE
35821,GRID
37242,CISO-SCE
35443,BPAT
35444,PSEI
35447,BPAT
35448,PSEI
35449,PSEI
35450,BPAT
36075,PACW
36074,CISO-PGAE
35459,PSEI
35465,BPAT
35466,PSEI
35467,PSEI
35468,GCPD
35820,PGE
35819,PGE
35455,BPAT
35456,BPAT
35457,PSEI
35458,BPAT
35464,CHPD
35460,BPAT
35818,BPAT
35817,BPAT
35816,PACW
37209,CISO-SCE
37210,CISO-SCE
35815,PACW
37212,CISO-SCE
37213,CISO-PGAE
35470,BPAT
35423,GCPD
35477,BPAT
35478,BPAT
35479,PSEI
35480,BPAT
35481,BPAT
35482,BPAT
35483,BPAT
35484,AVA
35469,BPAT
37204,CISO-SCE
35471,PSEI
35472,PSEI
35473,PSEI
35474,PSEI
35475,BPAT
35476,BPAT
35461,PSEI
35462,AVA
35463,AVA
39317,PSCO
38506,NEVP
36638,CISO-SCE
38505,Arizona
38504,Arizona
38503,Arizona
38733,PACE
38734,PACE
38735,PACE
39315,WACM
39316,PSCO
38743,PACE
39318,PSCO
36630,CISO-PGAE
38502,Arizona
36635,CISO-PGAE
38501,Arizona
38500,Arizona
38499,Arizona
39309,WACM
39310,WACM
39311,PSCO
35778,BPAT
38457,Arizona
38458,Arizona
35769,BPAT
38460,WALC
38461,WALC
35766,BPAT
35779,BPAT
38447,WALC
38448,Arizona
38449,Arizona
39312,WACM
38451,Arizona
38452,Arizona
38736,PACE
38737,PACE
38738,PACE
38739,PACE
38740,PACE
38741,PACE
38742,PACE
38749,PACE
39320,PSCO
39321,PSCO
39322,PSCO
39323,WACM
39324,PSCO
38744,PACE
38745,PACE
38746,PACE
38747,PACE
38748,PACE
39319,PSCO
39281,PSCO
39279,WACM
39278,PSCO
39293,PSCO
39288,PSCO
39289,PSCO
39290,PSCO
39291,WACM
39292,PSCO
39325,PSCO
39313,PSCO
39314,PSCO
38445,Arizona
38492,Arizona
38493,Arizona
38494,Arizona
38495,Arizona
38496,Arizona
38497,Arizona
38498,Arizona
38456,WALC
39326,PSCO
39327,PSCO
39328,PSCO
39329,WACM
39330,PSCO
38508,Arizona
38507,Arizona
39284,PSCO
39282,PSCO
36438,CISO-PGAE
39409,WACM
39410,WACM
39411,WACM
39412,PACE
35791,PACW
36433,CISO-PGAE
36434,CISO-PGAE
36435,CISO-PGAE
36436,CISO-PGAE
36437,CISO-PGAE
39408,WACM
35805,PACW
39405,PACE
35804,BPAT
35803,PACW
35802,PACW
35801,IPCO
35800,PGE
35799,BPAT
35798,BPAT
35813,BPAT
35789,PACW
37205,CISO-SCE
37206,CISO-SCE
38488,Arizona
38487,WALC
38486,Arizona
39385,WACM
39386,WACM
39387,WACM
38485,Arizona
39389,WACM
35812,BPAT
35787,BPAT
35782,BPAT
35797,PGE
35796,GRID
35795,BPAT
35793,BPAT
35792,BPAT
39406,WACM
39407,WACM
39303,PSCO
39397,WACM
39305,WACM
38470,Arizona
38471,Arizona
38472,Arizona
38473,Arizona
38474,Arizona
38475,WALC
38476,Arizona
39304,WACM
39396,WACM
38463,Arizona
39302,WACM
35772,BPAT
38466,Arizona
38467,Arizona
38468,Arizona
38469,Arizona
38453,Arizona
38454,Arizona
39300,WACM
35811,BPAT
35810,PACW
35809,PACW
39402,WACM
39403,WACM
35808,BPAT
35807,BPAT
35806,BPAT
39400,WACM
39301,WACM
37246,CISO-SCE
39299,WACM
39298,PSCO
39297,PSCO
39296,PSCO
39295,WACM
39294,PSCO
39308,PSCO
39307,WACM
39306,PSCO
37779,CISO-SCE
37785,CISO-SCE
37786,IID
37787,CISO-SCE
37788,CISO-SDGE
37789,IID
37774,CISO-SCE
37775,IID
37776,CISO-SDGE
37777,CISO-SDGE
37778,IID
37784,CISO-SDGE
37780,IID
37781,WALC
36055,CISO-PGAE
36054,BANC
36053,CISO-PGAE
36051,CISO-PGAE
36050,CISO-PGAE
36049,CISO-PGAE
36048,CISO-PGAE
37773,CISO-SCE
37790,CISO-SDGE
37747,CISO-SCE
37748,CISO-SCE
38891,EPE
38892,PNM
36042,CISO-PGAE
36041,CISO-PGAE
37801,CISO-SCE
37802,CISO-SCE
37803,CISO-SCE
37804,CISO-SCE
39573,IPCO
37791,CISO-SCE
37792,CISO-SCE
37793,CISO-SCE
37794,CISO-SCE
37795,CISO-SCE
37796,IID
37797,CISO-SCE
37782,IID
37783,CISO-SCE
39551,PACE
36021,CISO-PGAE
36019,BANC
37798,CISO-SDGE
37799,CISO-SDGE
37800,CISO-SCE
36018,CISO-PGAE
36656,BANC
36652,CISO-PGAE
36651,CISO-SCE
36646,CISO-PGAE
36022,CISO-PGAE
36670,NEVP
37993,NEVP
37994,NEVP
37995,NEVP
37996,NEVP
36669,CISO-SCE
36667,CISO-PGAE
36665,CISO-PGAE
39544,IPCO
39568,PACE
39574,IPCO
39575,IPCO
39710,NWMT
39709,NWMT
39708,BPAT
39707,NWMT
39706,NWMT
39565,IPCO
39566,IPCO
39567,PACE
37746,IID
39569,PACE
39570,IPCO
39571,IPCO
39572,IPCO
39705,NWMT
36057,CISO-PGAE
36056,CISO-PGAE
36643,CISO-SCE
36642,TIDC
39711,NWMT
38901,PNM
38900,EPE
38883,EPE
38899,PNM
39693,NWMT
37725,CISO-SDGE
39714,NWMT
39696,NWMT
39713,NWMT
39712,NWMT
39704,NWMT
37768,IID
37735,IID
38886,EPE
37731,CISO-SDGE
38888,PNM
38889,EPE
38890,PNM
37730,IID
37729,CISO-SCE
37728,CISO-SCE
37763,CISO-SCE
37769,CISO-SCE
37770,CISO-SCE
37771,IID
37772,CISO-SCE
39759,EPE
37715,CISO-SDGE
37716,CISO-SCE
39760,EPE
39761,EPE
37762,IID
37727,CISO-SDGE
37764,IID
37765,CISO-SCE
37766,CISO-SDGE
37767,CISO-SCE
38902,PNM
39700,NWMT
39701,NWMT
39702,BPAT
39703,NWMT
37752,IID
37758,IID
37759,IID
37760,CISO-SDGE
37761,IID
36036,BANC
36046,CISO-PGAE
36045,CISO-PGAE
37749,CISO-SCE
37750,CISO-SCE
37751,CISO-SCE
37757,CISO-SDGE
36043,CISO-PGAE
37754,CISO-SCE
37755,IID
37756,CISO-SCE
37741,CISO-SDGE
37742,CISO-SCE
37743,CISO-SDGE
37744,CISO-SCE
37745,CISO-SDGE
36428,CISO-PGAE
37726,CISO-SCE
37740,IID
38881,PNM
37739,IID
39687,BPAT
37736,CISO-SCE
38896,PNM
39690,NWMT
38895,PNM
36427,CISO-PGAE
36664,CISO-SCE
38894,PNM
38898,EPE
37718,IID
38893,PNM
37720,IID
37721,IID
38897,PNM
36038,CISO-PGAE
36037,CISO-PGAE
36060,CISO-PGAE
37998,NEVP
37999,NEVP
38000,NEVP
38001,NEVP
37988,NEVP
37989,NEVP
37990,NEVP
37991,NEVP
37992,NEVP
36061,CISO-PGAE
37997,NEVP
36059,CISO-PGAE
37289,CISO-SCE
37290,CISO-SCE
37291,LDWP
37292,CISO-PGAE
37293,CISO-SCE
37294,CISO-PGAE
37295,CISO-SCE
37296,CISO-SCE
37281,CISO-PGAE
38003,NEVP
39563,AVA
38010,NEVP
38011,NEVP
38012,NEVP
38013,NEVP
38014,NEVP
38731,PACE
38730,PACE
38729,PACE
38002,NEVP
37282,CISO-PGAE
38004,NEVP
38005,NEVP
38006,NEVP
38007,NEVP
38008,NEVP
38009,NEVP
38728,PACE
36063,CISO-PGAE
36062,PACW
37252,CISO-SCE
36066,BANC
37259,CISO-SCE
37260,CISO-PGAE
37261,CISO-PGAE
37262,LDWP
37263,LDWP
37264,CISO-PGAE
37265,CISO-SCE
37266,LDWP
37251,CISO-SCE
36067,CISO-PGAE
37253,LDWP
37254,CISO-SCE
37255,CISO-PGAE
37256,CISO-SCE
37257,LDWP
37258,LDWP
37243,CISO-SCE
37244,CISO-PGAE
37245,CISO-SCE
37277,CISO-PGAE
37283,CISO-PGAE
37284,CISO-SCE
37285,CISO-PGAE
37286,LDWP
37287,CISO-SCE
37288,CISO-SCE
37273,CISO-SCE
37274,CISO-SCE
37275,CISO-SCE
37276,LDWP
36426,CISO-PGAE
37278,CISO-SCE
37279,CISO-PGAE
37280,CISO-SCE
36058,CISO-PGAE
39275,WACM
36071,CISO-PGAE
36070,BANC
36069,CISO-PGAE
36068,CISO-PGAE
36444,CISO-PGAE
36450,CISO-PGAE
36451,CISO-PGAE
36452,CISO-PGAE
36453,CISO-PGAE
36454,CISO-PGAE
36693,CISO-PGAE
36692,CISO-PGAE
36691,BANC
36442,CISO-PGAE
36443,CISO-PGAE
36678,CISO-PGAE
36445,CISO-PGAE
36446,CISO-PGAE
36447,CISO-PGAE
36448,CISO-PGAE
36449,CISO-PGAE
36690,CISO-PGAE
36689,CISO-PGAE
39560,IPCO
39561,IPCO
36024,CISO-PGAE
39546,AVA
39547,IPCO
36660,CISO-PGAE
39549,IPCO
39550,IPCO
36028,CISO-PGAE
36026,CISO-PGAE
39535,IPCO
39536,IPCO
39537,AVA
39562,IPCO
39539,IPCO
39541,PACE
36685,TIDC
36684,CISO-PGAE
36683,CISO-PGAE
36682,CISO-PGAE
36681,CISO-PGAE
36680,CISO-PGAE
36679,CISO-PGAE
37968,NEVP
36016,CISO-PGAE
36015,CISO-PGAE
36011,CISO-PGAE
37977,NEVP
37978,NEVP
37979,NEVP
39564,PACE
36010,CISO-PGAE
36008,CISO-PGAE
38727,PACE
36694,CISO-PGAE
37969,NEVP
37970,NEVP
37971,NEVP
36677,BANC
36676,CISO-PGAE
36675,CISO-SCE
38732,PACE
36424,CISO-PGAE
36425,CISO-PGAE
39557,PACE
36439,CISO-PGAE
36440,CISO-PGAE
36441,CISO-PGAE
36688,CISO-SCE
36687,CISO-PGAE
36686,CISO-PGAE
39553,PACE
36006,BANC
39555,PACE
36698,NEVP
37980,NEVP
37981,NEVP
37982,NEVP
36697,BANC
36696,CISO-PGAE
37985,NEVP
37986,NEVP
37987,NEVP
36695,CISO-PGAE
39388,WACM
36031,CISO-PGAE
39552,BPAT
36666,CISO-SCE
37723,CISO-SCE
35428,CHPD
37200,CISO-SCE
37214,CISO-SCE
36671,CISO-PGAE
39277,WACM
35429,DOPD
36034,CISO-PGAE
39392,WACM
35433,BPAT
37719,CISO-SCE
35434,BPAT
37753,CISO-SCE
35783,PACW
35453,BPAT
39287,WACM
37976,NEVP
35777,BPAT
39399,PACE
38459,Arizona
36013,PACW
35424,BPAT
39394,WACM
36641,CISO-PGAE
37972,NEVP
35770,BPAT
39692,NWMT
36649,CISO-PGAE
39391,WACM
37975,NEVP
39694,NWMT
36673,CISO-PGAE
39398,WACM
36052,CISO-PGAE
36029,CISO-PGAE
35790,GRID
36636,CISO-PGAE
39698,BPAT
36039,CISO-PGAE
35426,PSEI
37983,NEVP
36658,CISO-SCE
36017,CISO-PGAE
35780,BPAT
36648,CISO-SCE
37984,NEVP
39758,EPE
35767,BPAT
37724,CISO-SCE
39273,PSCO
39699,NWMT
35774,BPAT
38450,Arizona
36044,CISO-PGAE
35768,PACW
39393,PACE
35776,PGE
36007,CISO-PGAE
36647,CISO-PGAE
38726,PACE
35785,BPAT
39688,NWMT
39276,PSCO
38882,PNM
39691,NWMT
37717,CISO-SDGE
35771,BPAT
37211,CISO-SCE
38885,PNM
35427,BPAT
39538,BPAT
38465,Arizona
35440,PSEI
38446,Arizona
36639,CISO-PGAE
35451,BPAT
36637,CISO-PGAE
38884,PNM
36020,CISO-PGAE
39401,PACE
38876,PNM
38765,PNM
36032,CISO-PGAE
35788,IPCO
37852,NEVP
39609,NWMT
39534,PACE
36035,CISO-PGAE
39470,NEVP
38547,PACE
35452,AVA
37974,NEVP
36027,PACW
39554,IPCO
39390,WACM
35775,PGE
37965,NEVP
36644,CISO-PGAE
37714,CISO-SCE
38543,PACE
38785,PNM
39652,NWMT
36661,CISO-SCE
38713,PACE
37973,NEVP
39616,NWMT
39695,BPAT
39285,WACM
38855,PNM
38810,EPE
37733,CISO-SCE
35794,BPAT
38527,PACE
38719,PACE
39274,PSCO
38041,Arizona
39596,NWMT
39559,PACE
38753,PNM
39280,WACM
38464,Arizona
39269,WACM
36009,CISO-PGAE
38049,Arizona
38440,WALC
37958,NEVP
38718,PACE
36023,BANC
38700,PACE
38438,WALC
35773,BPAT
38560,PACE
36040,PACW
38819,PNM
38038,WALC
38540,PACE
39653,NWMT
38522,PACE
38377,Arizona
37202,CISO-SCE
38857,PNM
38871,PNM
37955,NEVP
37864,NEVP
39477,IPCO
37860,NEVP
37855,CISO-VEA
38378,Arizona
38715,PACE
38779,EPE
38421,WALC
38717,PACE
38391,PACE
39581,NWMT
38711,PACE
37856,CISO-VEA
38685,PACE
38426,WALC
38385,Arizona
38762,PNM
38539,PACE
39757,EPE
39286,WACM
38854,EPE
35926,PACW
37962,NEVP
38716,PACE
38394,Arizona
38644,PACE
39621,NWMT
35786,BPAT
39682,BPAT
39601,NWMT
39630,NWMT
38701,PACE
39558,IPCO
39283,WACM
39266,WACM
38462,Arizona
39664,BPAT
35747,GRID
39404,WACM
39380,WACM
39689,NWMT
38696,PACE
38770,EPE
36634,CISO-PGAE
39642,NWMT
39647,NWMT
38059,Arizona
35765,BPAT
39129,WACM
35781,BPAT
35743,BPAT
39604,NWMT
39272,WACM
38757,PNM
35313,BPAT
39597,NWMT
38712,PACE
39542,IPCO
38024,Arizona
39483,IPCO
39620,NWMT
38702,PACE
38705,PACE
37227,CISO-SCE
38526,PACE
38961,PSCO
39020,PSCO
35594,PACW
38044,WALC
39356,WACM
38414,WALC
36033,CISO-PGAE
39545,AVA
38384,Arizona
39671,BPAT
35439,BPAT
38390,Arizona
38821,EPE
38348,Arizona
39247,WACM
35753,BPAT
38887,PNM
38856,PNM
38536,PACE
39482,IPCO
39643,NWMT
35454,AVA
38417,WALC
38643,PACE
38407,Arizona
39345,PACE
35320,BPAT
39369,WACM
38058,Arizona
38760,PNM
39611,NWMT
38982,PSCO
35335,DOPD
38921,WACM
36640,CISO-PGAE
35533,PACW
37963,NEVP
39271,PSCO
39523,PACE
38914,PSCO
39594,NWMT
39638,NWMT
39615,NWMT
38382,Arizona
36000,PACW
38303,Arizona
38758,PNM
39261,WACM
38635,PACE
38903,WACM
38046,Arizona
38408,Arizona
35510,PACW
39598,NWMT
39673,NWMT
39633,NWMT
39685,BPAT
39584,NWMT
39697,NWMT
39556,BPAT
39262,WACM
38678,PACE
38640,PACE
38756,PNM
39265,PSCO
38790,PNM
38752,PNM
38399,Arizona
39340,PACE
38436,WALC
38754,PNM
35759,BPAT
38027,WALC
39334,PACE
39548,IPCO
38299,Arizona
38978,PSCO
38851,EPE
39659,BPAT
38826,PNM
38958,PSCO
37854,NEVP
39383,WACM
39576,NWMT
38052,Arizona
38944,PSCO
39249,WACM
39498,IPCO
38771,PNM
38987,WACM
38695,PACE
39355,WACM
38054,WALC
39599,NWMT
37841,NEVP
39259,PSCO
39677,NWMT
39683,BPAT
38873,PNM
39679,BPAT
39580,NWMT
38720,PACE
38829,PNM
35730,PACW
39429,AVA
39495,IPCO
38636,PACE
38314,Arizona
38787,PNM
39011,PSCO
39424,AVA
39732,EPE
35285,BPAT
38725,PACE
39608,NWMT
38327,Arizona
35425,BPAT
38541,PACE
37699,CISO-SCE
39585,NWMT
38333,Arizona
37697,IID
38679,PACE
38425,WALC
38435,WALC
38879,PNM
38992,PSCO
39034,WACM
38552,PACE
38791,PNM
39674,NWMT
38648,PACE
37737,IID
38431,WALC
37956,NEVP
39505,IPCO
38703,PACE
38980,WACM
38968,WACM
39686,BPAT
39654,NWMT
39502,IPCO
38604,PACE
39607,NWMT
35525,BPAT
38776,EPE
35337,DOPD
35784,BPAT
35365,BPAT
38437,WALC
38517,PACE
39395,PACE
38962,WACM
38977,WACM
37732,CISO-SDGE
39612,NWMT
38950,PSCO
38533,PACE
39381,WACM
36663,CISO-PGAE
38682,PACE
36744,CISO-SCE
38846,PNM
37858,NEVP
36005,CISO-PGAE
39507,PACE
39378,WACM
36655,CISO-PGAE
35842,CISO-PGAE
39629,NWMT
39244,WACM
38441,PNM
38532,PACE
39242,PSCO
39352,PACE
39241,PSCO
36672,CISO-PGAE
39353,PACE
39267,PSCO
38863,PNM
38561,PACE
39600,NWMT
38183,Arizona
39583,NWMT
38443,PNM
38422,WALC
38823,EPE
35315,BPAT
39577,NWMT
39603,NWMT
39635,NWMT
38379,Arizona
39497,IPCO
37215,CISO-PGAE
38042,Arizona
39382,WACM
38055,Arizona
39736,EPE
38424,WALC
38907,PSCO
39632,NWMT
38838,EPE
38994,PSCO
39754,EPE
38579,PACE
38319,Arizona
38428,PNM
38868,PNM
37857,NEVP
38047,Arizona
38176,Arizona
38953,PSCO
38708,PACE
35870,CISO-PGAE
39254,WACM
39628,NWMT
38571,PACE
38759,EPE
38926,WACM
38852,PNM
39543,IPCO
35557,BPAT
38317,Arizona
35435,DOPD
37189,CISO-SCE
38028,WALC
38534,PACE
36650,CISO-SCE
35375,BPAT
38294,Arizona
35341,BPAT
39504,IPCO
38364,Arizona
39639,NWMT
38427,PNM
39357,WACM
37809,CISO-PGAE
35013,BPAT
39606,NWMT
35628,BPAT
35731,PACW
36047,CISO-PGAE
38766,PNM
35746,GRID
38218,Arizona
38542,PACE
39251,WACM
35869,CISO-PGAE
39528,PACE
38853,PNM
38699,PACE
35131,PSEI
39248,PSCO
35412,AVA
35298,BPAT
37844,NEVP
39646,NWMT
38761,PNM
39631,NWMT
39669,BPAT
38393,Arizona
35591,PGE
38859,PNM
39511,PACE
35000,BPAT
35437,PSEI
39493,IPCO
35859,PACW
38870,PNM
37713,WALC
39540,IPCO
35371,GCPD
38972,PSCO
38710,PACE
38979,PSCO
37235,CISO-SCE
38537,PACE
36725,CISO-PGAE
39532,PACE
35446,PSEI
35761,BPAT
38877,PNM
38432,WALC
38986,WACM
39019,PSCO
35745,BPAT
38455,Arizona
38940,WACM
39735,EPE
35343,BPAT
38874,PNM
39627,NWMT
39337,PACE
39590,NWMT
38773,PNM
38872,PNM
39211,WACM
38935,PSCO
39336,PACE
38966,PSCO
39364,WACM
39338,PACE
35649,PGE
38697,PACE
35003,BPAT
39010,PSCO
39250,PSCO
38649,PACE
38789,PNM
35377,AVA
35837,CISO-PGAE
38683,PACE
38919,WACM
36645,CISO-PGAE
39107,PSCO
38634,PACE
39375,WACM
39579,NWMT
39365,WACM
38706,PACE
38905,PSCO
37964,NEVP
38684,PACE
35839,CISO-PGAE
39170,PSCO
35052,PSEI
39332,PACE
35862,CISO-PGAE
39500,IPCO
39662,NWMT
35994,CISO-PGAE
35436,BPAT
39582,NWMT
36741,CISO-SCE
38917,WACM
39238,WACM
39680,BPAT
35581,PACW
35725,PACW
39255,WACM
35043,BPAT
35846,BANC
35716,BPAT
37961,NEVP
35066,PSEI
39232,PSCO
39070,WACM
38975,PSCO
39350,PACE
38556,PACE
36118,CISO-PGAE
38400,Arizona
38959,WACM
39530,PACE
37479,CISO-SCE
39658,NWMT
35379,BPAT
36412,CISO-PGAE
35584,BPAT
36552,CISO-PGAE
37657,CISO-SCE
35407,AVA
38764,PNM
35349,GCPD
35523,BPAT
35364,DOPD
36668,CISO-PGAE
35871,CISO-PGAE
35346,DOPD
35873,CISO-PGAE
39485,IPCO
39514,PACE
35763,BPAT
35311,BPAT
37674,CISO-SCE
35383,AVA
35532,PGE
35634,PACW
38813,PNM
38403,Arizona
38724,PACE
35732,BPAT
39427,IPCO
38923,WACM
38370,Arizona
39331,PACE
39233,PSCO
35606,PGE
39473,IPCO
36699,CISO-PGAE
38878,PNM
35548,PACW
38949,WACM
38763,PNM
39681,BPAT
35397,AVA
36662,CISO-PGAE
35511,PACW
38423,Arizona
39491,NWMT
39270,PSCO
35613,PGE
35065,BPAT
35125,BPAT
35645,PGE
35422,AVA
39246,PSCO
39227,PSCO
36633,CISO-PGAE
35314,BPAT
38850,EPE
39428,AVA
35118,PSEI
38410,Arizona
36099,CISO-PGAE
35992,CISO-PGAE
38369,Arizona
38938,PSCO
36713,CISO-PGAE
35844,PACW
35852,PACW
39648,NWMT
38434,WALC
39433,AVA
39421,IPCO
39487,IPCO
35612,BPAT
35352,DOPD
35834,CISO-PGAE
38864,PNM
37821,NEVP
38599,PACE
36674,CISO-PGAE
36525,CISO-PGAE
36277,CISO-PGAE
37708,IID
36632,CISO-PGAE
38045,WALC
39750,EPE
38691,PACE
35519,PACW
38439,WALC
39488,IPCO
38057,Arizona
35004,BPAT
38444,PNM
38788,PNM
35588,PGE
37966,NEVP
38995,PSCO
35762,IPCO
36014,CISO-PGAE
35382,BPAT
38528,PACE
38359,Arizona
35302,PSEI
39413,IPCO
38268,Arizona
35354,GCPD
39531,PACE
35543,BPAT
35987,PACW
39478,BPAT
35744,BPAT
35836,CISO-PGAE
35847,CISO-PGAE
38551,PACE
36471,CISO-PGAE
39268,WACM
38918,PSCO
35644,PACW
35445,AVA
38144,Arizona
35977,BANC
35728,BPAT
37722,CISO-SDGE
37616,CISO-SCE
36030,CISO-PGAE
38934,WACM
38936,WACM
38920,WACM
38772,PNM
37926,NEVP
38806,PNM
38993,PSCO
37848,NEVP
38939,WACM
35571,PGE
38387,Arizona
35002,BPAT
37012,CISO-SCE
35726,PGE
38548,PACE
39348,PACE
38969,WACM
35099,PSEI
39339,PACE
38034,Arizona
39634,NWMT
35553,BPAT
36317,CISO-PGAE
36629,CISO-VEA
36012,CISO-PGAE
35419,AVA
35713,PGE
38244,Arizona
35046,BPAT
39637,NWMT
39201,WACM
35376,BPAT
39472,BPAT
39260,WACM
38983,PSCO
38386,Arizona
38166,Arizona
38405,Arizona
38235,Arizona
38343,Arizona
38063,Arizona
38627,PACE
39672,NWMT
38308,Arizona
38964,PSCO
39506,PACE
35092,BPAT
38930,WACM
36098,CISO-PGAE
35363,DOPD
38221,Arizona
38925,PSCO
39333,PACE
35722,BPAT
38645,PACE
39263,PSCO
38973,PSCO
35998,PACW
35308,BPAT
35625,PGE
38861,PNM
35332,CHPD
38519,PACE
36773,CISO-SCE
35001,BPAT
36555,CISO-PGAE
38951,PSCO
35851,CISO-PGAE
36709,CISO-PGAE
38383,Arizona
35602,BPAT
38396,Arizona
37853,NEVP
37174,CISO-SCE
39435,AVA
36659,CISO-PGAE
38205,Arizona
38928,PSCO
39452,IPCO
35735,BPAT
35396,AVA
35305,PSEI
35514,PACW
38704,PACE
38755,PNM
39447,AVA
39716,EPE
36332,CISO-PGAE
36267,CISO-PGAE
36702,CISO-PGAE
35522,BPAT
38277,Arizona
35526,PACW
39486,IPCO
35567,PACW
37851,NEVP
39649,NWMT
39253,WACM
36113,CISO-PGAE
35833,CISO-PGAE
35381,AVA
38880,PNM
39414,IPCO
38389,Arizona
36613,CISO-SCE
36540,CISO-PGAE
35005,BPAT
37812,NEVP
37507,CISO-SCE
35342,CHPD
38841,PNM
39655,BPAT
35538,PACW
38999,PSCO
35319,BPAT
39499,IPCO
38033,Arizona
36543,CISO-PGAE
39650,NWMT
37671,CISO-SDGE
37689,CISO-SCE
38538,PACE
38822,PNM
38416,Arizona
35272,PSEI
35521,BPAT
35033,BPAT
35993,CISO-PGAE
35865,CISO-PGAE
35708,PGE
35036,PSEI
35752,BPAT
36547,CISO-PGAE
38433,WALC
38164,Arizona
39243,PSCO
39372,WACM
36583,CISO-PGAE
35999,CISO-PGAE
36078,CISO-PGAE
39475,IPCO
36393,CISO-PGAE
38865,PNM
39154,PSCO
35058,BPAT
38404,Arizona
38834,EPE
35380,AVA
38965,PSCO
38050,WALC
36337,CISO-PGAE
38783,PNM
36615,CISO-SCE
39426,AVA
35751,BPAT
38963,PSCO
38941,PSCO
38091,Arizona
36596,CISO-PGAE
38835,EPE
38807,EPE
35748,GRID
35017,BPAT
38647,PACE
37705,IID
35562,PGE
39494,IPCO
39009,PSCO
38812,PNM
39651,NWMT
38811,PNM
35509,PACW
38839,EPE
38324,Arizona
39446,AVA
35633,PACW
37543,CISO-SCE
35374,DOPD
39228,WACM
36618,CISO-SCE
38967,WACM
39128,PSCO
35849,PACW
35524,BPAT
36626,CISO-SCE
36628,CISO-VEA
39663,NWMT
39479,IPCO
38818,EPE
38278,Arizona
36001,CISO-PGAE
36701,CISO-PGAE
39229,PSCO
38195,Arizona
35417,AVA
35858,PACW
36110,CISO-PGAE
36541,CISO-PGAE
38392,Arizona
39134,PSCO
39047,PSCO
38553,PACE
39684,BPAT
35087,PSEI
38692,PACE
36197,CISO-PGAE
39668,BPAT
35060,PSEI
38048,Arizona
39751,EPE
35327,CHPD
35079,BPAT
35027,BPAT
38929,WACM
38288,Arizona
35848,CISO-PGAE
39666,BPAT
38840,EPE
37394,CISO-SCE
36614,CISO-PGAE
37207,CISO-SCE
38805,PNM
35542,BPAT
39417,IPCO
39518,PACE
38946,PSCO
35347,GCPD
36411,CISO-PGAE
36527,TIDC
35578,PGE
35976,CISO-PGAE
38775,PNM
38518,PACE
39718,EPE
38676,PACE
35403,AVA
38677,PACE
37711,IID
39256,PSCO
39351,PACE
38023,WALC
39533,PACE
38688,PACE
35537,BPAT
38689,PACE
39245,WACM
38256,Arizona
35309,BPAT
36505,CISO-PGAE
36187,CISO-PGAE
35318,CHPD
39476,IPCO
39484,IPCO
38767,PNM
35531,PACW
35539,PGE
38954,PSCO
36548,CISO-PGAE
38942,WACM
36570,CISO-PGAE
35908,BANC
38025,WALC
36735,CISO-SCE
35117,BPAT
38097,Arizona
38141,Arizona
38817,EPE
38152,Arizona
38418,Arizona
38814,PNM
38815,PNM
35583,PACW
39444,IPCO
35386,AVA
38769,PNM
35418,AVA
37673,CISO-SCE
38784,EPE
39434,IPCO
35353,BPAT
35536,PACW
39000,PSCO
36519,CISO-PGAE
36368,CISO-PGAE
39602,NWMT
35050,PSEI
35886,CISO-PGAE
35979,CISO-PGAE
36131,CISO-PGAE
36340,CISO-PGAE
36341,CISO-PGAE
37682,CISO-SCE
37960,NEVP
35988,CISO-PGAE
38974,PSCO
35421,AVA
37166,CISO-SCE
36371,CISO-PGAE
36876,CISO-SCE
37845,NEVP
36285,CISO-PGAE
36955,CISO-SCE
36804,CISO-SCE
36803,CISO-SCE
36208,CISO-PGAE
37700,IID
36318,CISO-PGAE
38442,WALC
37692,IID
37056,LDWP
38419,WALC
35527,BPAT
36516,BANC
38140,Arizona
36809,CISO-SCE
37584,CISO-SDGE
36810,CISO-SCE
36308,CISO-PGAE
38960,WACM
37170,CISO-SCE
37171,CISO-SCE
36822,LDWP
35162,BPAT
36823,CISO-SCE
35843,CISO-PGAE
37085,CISO-SCE
36180,CISO-PGAE
36181,CISO-PGAE
37910,NEVP
35904,CISO-PGAE
35587,BPAT
37402,CISO-SCE
37401,CISO-SCE
35317,PSEI
35312,BPAT
39595,NWMT
38318,Arizona
36992,CISO-SCE
36533,TIDC
36153,CISO-PGAE
37138,CISO-SCE
37144,CISO-SCE
37145,CISO-SCE
36178,CISO-PGAE
38395,Arizona
36938,CISO-SCE
37169,CISO-SCE
37738,CISO-SCE
39060,PSCO
37487,CISO-SCE
35719,PGE
37710,IID
37709,IID
36158,CISO-PGAE
37683,CISO-SCE
38406,Arizona
39527,PACE
37518,CISO-SDGE
36710,CISO-PGAE
39360,WACM
37847,NEVP
35898,CISO-PGAE
36272,CISO-PGAE
39220,PSCO
36160,CISO-PGAE
37670,CISO-SCE
35838,CISO-PGAE
35172,PSEI
35530,BPAT
37605,CISO-SCE
36295,CISO-PGAE
36294,CISO-PGAE
36415,CISO-PGAE
37573,CISO-SDGE
38862,PNM
36821,LDWP
35121,BPAT
36474,CISO-PGAE
36257,CISO-PGAE
36837,CISO-SCE
36836,LDWP
38768,PNM
35872,CISO-PGAE
36750,CISO-PGAE
35156,BPAT
35915,BANC
36241,CISO-PGAE
36240,CISO-PGAE
35896,CISO-PGAE
39610,NWMT
36737,CISO-PGAE
39445,BPAT
36576,CISO-PGAE
36245,CISO-PGAE
36244,CISO-PGAE
36738,CISO-PGAE
36173,CISO-PGAE
35011,BPAT
36174,CISO-PGAE
36101,CISO-PGAE
36201,CISO-PGAE
37428,CISO-SCE
36105,CISO-PGAE
36408,CISO-PGAE
36407,CISO-PGAE
35167,PSEI
36171,CISO-PGAE
35710,BPAT
38984,PSCO
37040,LDWP
38535,PACE
36501,TIDC
37524,CISO-SDGE
35362,DOPD
37055,CISO-SCE
35568,PGE
37360,CISO-SCE
37734,CISO-SCE
35891,CISO-PGAE
37003,CISO-SCE
37004,CISO-SCE
38060,Arizona
38981,PSCO
36802,CISO-SCE
37489,CISO-SDGE
36828,LDWP
36745,CISO-SCE
38413,Arizona
36492,CISO-PGAE
35009,BPAT
38777,EPE
36313,CISO-PGAE
35890,CISO-PGAE
39231,WACM
35884,CISO-PGAE
36422,CISO-PGAE
36423,CISO-PGAE
35228,PSEI
37222,CISO-SCE
36886,LDWP
37088,CISO-SCE
36563,CISO-PGAE
38796,PNM
37813,NEVP
39371,WACM
36502,TIDC
36712,CISO-PGAE
36711,CISO-PGAE
35616,PACW
36123,CISO-PGAE
36124,CISO-PGAE
35030,BPAT
36483,CISO-PGAE
36142,CISO-PGAE
38910,PSCO
36339,CISO-PGAE
36338,CISO-PGAE
35229,PSEI
36217,CISO-PGAE
36218,CISO-PGAE
35114,PSEI
36856,LDWP
35899,BANC
36274,CISO-PGAE
36275,CISO-PGAE
39425,IPCO
38652,PACE
36718,CISO-PGAE
38665,PACE
35094,PSEI
36860,CISO-SCE
36542,CISO-PGAE
36988,LDWP
36082,CISO-PGAE
36083,CISO-PGAE
36360,CISO-PGAE
35378,BPAT
36359,CISO-PGAE
35306,PSEI
38847,EPE
37676,CISO-SCE
38053,Arizona
35857,CISO-PGAE
35010,BPAT
35856,CISO-PGAE
39593,NWMT
38948,WACM
38955,PSCO
37492,CISO-SCE
36499,CISO-PGAE
38869,PNM
36296,CISO-PGAE
39725,EPE
36599,CISO-PGAE
36891,LDWP
38860,PNM
36108,CISO-PGAE
39138,PSCO
39678,BPAT
36627,CISO-SCE
35989,CISO-PGAE
35990,CISO-PGAE
35718,PGE
36757,CISO-SCE
38064,Arizona
38656,PACE
38831,EPE
36191,CISO-PGAE
36192,CISO-PGAE
39529,PACE
35967,BANC
35968,BANC
37387,CISO-SDGE
36205,CISO-PGAE
36204,CISO-PGAE
37441,CISO-SCE
37440,CISO-SCE
39094,PSCO
37408,CISO-SDGE
35518,BPAT
38828,PNM
38827,PNM
36162,CISO-PGAE
36163,CISO-PGAE
36915,LDWP
36916,CISO-SCE
39257,WACM
39023,WACM
35388,AVA
39057,PSCO
36829,LDWP
36830,CISO-SCE
35351,GCPD
36302,CISO-PGAE
37117,CISO-SCE
38721,PACE
35095,PSEI
36248,CISO-PGAE
36249,CISO-PGAE
38774,PNM
36620,CISO-PGAE
37110,CISO-SCE
39036,PSCO
36081,CISO-PGAE
36605,CISO-PGAE
36606,CISO-PGAE
36297,CISO-PGAE
35972,BANC
35971,BANC
36003,CISO-PGAE
39605,NWMT
38672,PACE
36806,CISO-SCE
37511,CISO-SCE
36805,CISO-SCE
36212,CISO-PGAE
36726,CISO-PGAE
37305,CISO-SCE
35064,PSEI
38970,WACM
39503,IPCO
39667,BPAT
38802,PNM
38801,PNM
37431,CISO-SCE
37430,CISO-SCE
38803,PNM
38804,PNM
37805,NEVP
36327,CISO-PGAE
36326,CISO-PGAE
36564,CISO-PGAE
35835,CISO-PGAE
38786,PNM
38957,PSCO
36025,BANC
35925,BANC
37655,CISO-SCE
36594,CISO-PGAE
36586,CISO-PGAE
37656,CISO-SCE
36595,CISO-PGAE
38830,EPE
39625,NWMT
36100,CISO-PGAE
36892,LDWP
37065,CISO-SCE
36004,CISO-PGAE
36995,CISO-SCE
35975,BANC
39618,NWMT
39617,NWMT
36487,CISO-PGAE
38927,WACM
36256,CISO-PGAE
37137,CISO-SCE
38032,Arizona
37136,CISO-SCE
36104,CISO-PGAE
38971,PSCO
36335,CISO-PGAE
39474,BPAT
35674,PGE
36280,CISO-PGAE
36281,CISO-PGAE
35931,CISO-PGAE
36530,CISO-PGAE
36462,CISO-PGAE
35938,BANC
35939,BANC
38086,Arizona
36931,LDWP
36546,CISO-PGAE
37529,CISO-SCE
35361,BPAT
37465,CISO-SCE
36372,CISO-PGAE
37154,CISO-SCE
37155,CISO-SCE
36493,CISO-PGAE
36421,CISO-PGAE
36420,CISO-PGAE
37654,CISO-SDGE
36653,BANC
36224,CISO-PGAE
36223,CISO-PGAE
36534,CISO-PGAE
35585,BPAT
35866,CISO-PGAE
37435,CISO-SCE
36871,LDWP
35655,PGE
38619,PACE
35845,CISO-PGAE
39670,NWMT
36346,CISO-PGAE
36347,CISO-PGAE
36560,CISO-PGAE
35047,BPAT
37560,CISO-SDGE
37561,CISO-SDGE
35933,BANC
35932,BANC
36310,CISO-PGAE
38415,Arizona
36309,CISO-PGAE
36146,CISO-PGAE
35729,BPAT
37508,CISO-SCE
35345,GCPD
38778,EPE
38165,Arizona
35582,BPAT
39264,WACM
36230,CISO-PGAE
37628,CISO-SCE
35910,CISO-PGAE
37452,CISO-SDGE
35909,CISO-PGAE
36213,CISO-PGAE
36708,CISO-PGAE
38397,Arizona
36489,CISO-PGAE
36226,CISO-PGAE
36481,CISO-PGAE
36654,CISO-PGAE
38800,PNM
38799,PNM
36537,TIDC
37048,CISO-SCE
37049,CISO-SCE
37064,CISO-SCE
39354,WACM
38388,Arizona
36498,BANC
35974,BANC
36497,BANC
39104,PSCO
36463,CISO-PGAE
35048,BPAT
37669,CISO-SCE
36510,TIDC
36511,TIDC
38911,PSCO
36732,CISO-SCE
37583,CISO-SDGE
36733,CISO-SCE
37123,CISO-SCE
37122,CISO-SCE
37063,CISO-SCE
37686,IID
36890,LDWP
37637,CISO-SDGE
35930,CISO-PGAE
35947,CISO-PGAE
35170,PSEI
37005,LDWP
39517,PACE
36602,CISO-PGAE
38065,Arizona
35258,BPAT
39137,PSCO
36364,CISO-PGAE
36184,CISO-PGAE
35880,CISO-PGAE
35881,CISO-PGAE
35709,PGE
37120,CISO-SCE
37121,CISO-SCE
37378,CISO-SCE
37073,CISO-SCE
37074,CISO-SCE
39622,NWMT
36209,CISO-PGAE
36941,CISO-SCE
36940,CISO-SCE
38793,PNM
36932,LDWP
36513,CISO-PGAE
35689,PGE
36861,CISO-SCE
36862,CISO-SCE
37816,NEVP
39148,WACM
37109,CISO-SCE
37959,NEVP
37158,CISO-SCE
37159,CISO-SCE
36619,CISO-PGAE
39641,NWMT
35545,PGE
36813,CISO-SCE
36814,CISO-SCE
37418,CISO-SDGE
37417,CISO-SCE
35552,BPAT
36314,CISO-PGAE
37451,CISO-SCE
37450,CISO-SCE
37377,CISO-SCE
37067,CISO-SCE
35261,PSEI
37688,IID
37600,CISO-SDGE
36766,CISO-SCE
36765,CISO-SCE
38751,PNM
37311,CISO-SCE
37310,CISO-SCE
39589,NWMT
38956,PSCO
37098,CISO-SCE
37097,CISO-SCE
35741,BPAT
36544,CISO-PGAE
36545,CISO-PGAE
38816,PNM
36261,CISO-PGAE
36262,CISO-PGAE
36144,CISO-PGAE
39509,PACE
37188,CISO-SCE
37016,LDWP
37176,CISO-SCE
37175,CISO-SCE
36103,CISO-PGAE
36509,BANC
37104,CISO-SCE
38780,PNM
37478,CISO-SCE
37180,CISO-SCE
39731,EPE
39730,EPE
36276,CISO-PGAE
39588,NWMT
35861,CISO-PGAE
35860,BANC
39384,WACM
37220,CISO-SCE
36840,CISO-SCE
36841,CISO-SCE
36465,CISO-PGAE
37517,CISO-SCE
39418,AVA
37017,LDWP
36080,CISO-PGAE
37565,CISO-SCE
39626,NWMT
38151,Arizona
36236,CISO-PGAE
35855,CISO-PGAE
35937,BANC
37652,CISO-SCE
37651,CISO-SCE
35936,BANC
36270,CISO-PGAE
36271,CISO-PGAE
36731,CISO-SCE
35158,PSEI
35841,CISO-PGAE
36826,CISO-SCE
36827,CISO-SCE
36247,CISO-PGAE
38650,PACE
39749,EPE
37187,CISO-SCE
35853,CISO-PGAE
38798,PNM
36551,CISO-PGAE
36550,CISO-PGAE
35964,CISO-PGAE
35963,CISO-PGAE
38411,Arizona
37675,CISO-SCE
39496,IPCO
35128,PSEI
37116,CISO-SCE
37115,CISO-SCE
36259,CISO-PGAE
36258,CISO-PGAE
36707,CISO-PGAE
36868,CISO-SCE
37343,CISO-SCE
37179,CISO-SCE
36717,CISO-PGAE
37161,CISO-SCE
38848,PNM
38849,PNM
35927,BANC
35016,PSEI
37112,CISO-SCE
37111,CISO-SCE
36111,CISO-PGAE
35287,PSEI
35288,PSEI
39458,IPCO
39459,IPCO
36292,CISO-PGAE
39660,NWMT
39661,NWMT
36293,CISO-PGAE
37153,CISO-SCE
37152,CISO-SCE
36172,CISO-PGAE
39640,NWMT
36622,CISO-SCE
37413,CISO-SDGE
35059,BPAT
37414,CISO-SDGE
35922,BANC
35921,BANC
35068,PSEI
35067,PSEI
37177,CISO-SCE
37178,CISO-SCE
36086,CISO-PGAE
35155,PSEI
35154,PSEI
36700,CISO-PGAE
39202,PSCO
35416,AVA
36776,CISO-SCE
36777,CISO-SCE
36843,CISO-SCE
35307,PSEI
36788,CISO-SCE
35701,PGE
35700,PGE
38412,Arizona
36739,CISO-PGAE
37677,CISO-SCE
37411,CISO-SCE
35895,CISO-PGAE
35894,BANC
38714,PACE
36729,CISO-SCE
39234,WACM
37437,CISO-SCE
37347,CISO-SCE
36336,CISO-PGAE
35293,PSEI
36322,CISO-PGAE
35292,PSEI
36321,CISO-PGAE
35520,BPAT
36850,CISO-SCE
36849,LDWP
39174,PSCO
39624,NWMT
35057,PGE
35056,BPAT
39440,IPCO
39441,IPCO
36785,CISO-PGAE
37482,CISO-SCE
38947,WACM
36604,CISO-PGAE
39420,AVA
35528,BPAT
39614,NWMT
36482,CISO-PGAE
37618,CISO-SDGE
37619,CISO-SDGE
36884,CISO-SCE
35348,BPAT
37842,NEVP
38544,PACE
35336,BPAT
35840,CISO-PGAE
36895,CISO-SCE
36225,CISO-PGAE
36758,CISO-SCE
36129,CISO-PGAE
36130,CISO-PGAE
37666,CISO-SDGE
36199,CISO-PGAE
36703,CISO-PGAE
36704,CISO-PGAE
37477,CISO-SCE
36846,LDWP
36845,LDWP
35355,BPAT
39171,WACM
39480,IPCO
37344,CISO-SCE
37345,CISO-SCE
38304,Arizona
35395,AVA
35007,BPAT
38276,Arizona
35237,PSEI
35236,PSEI
36842,CISO-SCE
35760,BPAT
35991,CISO-PGAE
38782,PNM
37186,CISO-SCE
37185,CISO-SCE
36494,CISO-PGAE
38420,WALC
39623,NWMT
36200,CISO-PGAE
35018,BPAT
35019,BPAT
35175,PSEI
35176,BPAT
35195,BPAT
35194,BPAT
35561,PACW
35198,PSEI
35197,BPAT
36334,CISO-PGAE
36333,CISO-PGAE
35091,BPAT
35903,BANC
35902,BANC
35098,BPAT
35097,PGE
35359,BPAT
38866,PNM
38867,PNM
36112,CISO-PGAE
36795,CISO-SCE
36794,CISO-SCE
35888,CISO-PGAE
35889,CISO-PGAE
38100,Arizona
38858,EPE
37071,CISO-SCE
37368,CISO-SCE
36529,TIDC
36528,TIDC
37668,CISO-SCE
35560,PACW
37436,CISO-SCE
35286,PSEI
36792,CISO-SCE
35224,PSEI
35223,BPAT
39448,IPCO
39723,EPE
39449,IPCO
39724,EPE
39468,IPCO
39469,IPCO
39239,WACM
37385,CISO-SCE
37386,CISO-SCE
39657,NWMT
36311,CISO-PGAE
36242,CISO-PGAE
36243,CISO-PGAE
36786,CISO-SCE
36787,CISO-SCE
39717,EPE
36723,CISO-PGAE
37346,CISO-SCE
35574,BPAT
35575,PGE
35877,CISO-PGAE
36405,CISO-PGAE
36820,CISO-SCE
36819,CISO-SCE
36220,CISO-PGAE
36219,CISO-PGAE
35651,PGE
35652,PGE
39033,PSCO
39237,WACM
35171,BPAT
35941,BANC
38820,PNM
35940,BANC
35515,PACW
36202,CISO-PGAE
36928,CISO-SCE
39510,PACE
35749,BPAT
36575,CISO-PGAE
35089,PSEI
36571,CISO-PGAE
37082,CISO-SCE
39140,PSCO
39139,PSCO
35917,BANC
35918,BANC
35420,AVA
39645,NWMT
36157,CISO-PGAE
36400,CISO-PGAE
36923,CISO-SCE
36399,CISO-PGAE
36924,CISO-SCE
35360,BPAT
39025,PSCO
39024,PSCO
35607,PACW
35608,PACW
35054,BPAT
35053,PSEI
37519,CISO-SDGE
36085,CISO-PGAE
38998,PSCO
38997,PSCO
37512,CISO-SCE
37348,CISO-SCE
37349,CISO-SCE
36901,LDWP
39117,PSCO
37365,CISO-SCE
35142,BPAT
35143,BPAT
36282,CISO-PGAE
36283,CISO-PGAE
35006,BPAT
35090,PSEI
35304,PSEI
35303,BPAT
37690,IID
35238,PSEI
37691,IID
35239,PSEI
35280,PSEI
35279,PSEI
35384,AVA
37564,CISO-SCE
36127,CISO-PGAE
38723,PACE
36106,CISO-PGAE
36107,CISO-PGAE
38620,PACE
39358,WACM
36574,CISO-PGAE
36355,CISO-PGAE
38781,PNM
36380,CISO-PGAE
36379,CISO-PGAE
36389,CISO-PGAE
36390,CISO-PGAE
39092,PSCO
39093,PSCO
39644,NWMT
36235,CISO-PGAE
37556,CISO-SDGE
38309,Arizona
38924,PSCO
38248,Arizona
36779,CISO-PGAE
36778,CISO-PGAE
37575,CISO-SCE
37574,CISO-SCE
35061,PGE
36954,CISO-SCE
39359,WACM
35601,PGE
39451,IPCO
37570,CISO-SDGE
39207,WACM
35878,CISO-PGAE
38232,Arizona
36079,CISO-PGAE
35665,PGE
36558,CISO-PGAE
36557,CISO-PGAE
35668,PGE
35586,PGE
35669,PGE
37684,CISO-SCE
36403,CISO-PGAE
36999,CISO-SCE
36998,CISO-SCE
36944,LDWP
36933,CISO-SCE
38321,Arizona
37443,CISO-SCE
37442,CISO-SCE
38797,PNM
37667,CISO-SDGE
39431,AVA
39430,AVA
35572,PGE
35573,PGE
35755,BPAT
35875,CISO-PGAE
36979,CISO-SCE
35692,BPAT
35691,PGE
39613,NWMT
38215,Arizona
38937,PSCO
37578,CISO-SDGE
37626,CISO-SDGE
36724,CISO-PGAE
39346,PACE
39041,PSCO
39040,PSCO
35632,BPAT
37126,CISO-SCE
37127,CISO-SCE
35631,BPAT
37090,CISO-SCE
37089,CISO-SCE
37593,CISO-SCE
38251,Arizona
37066,CISO-SCE
37594,CISO-SCE
38585,PACE
35148,PSEI
35340,DOPD
38586,PACE
35147,PSEI
38549,PACE
38550,PACE
36133,CISO-PGAE
39216,WACM
35885,CISO-PGAE
39217,WACM
35629,PGE
35630,PGE
37838,NEVP
37093,CISO-SCE
36301,CISO-PGAE
36714,CISO-PGAE
37372,CISO-SCE
37371,CISO-SCE
36349,CISO-PGAE
36348,CISO-PGAE
36251,CISO-PGAE
36134,CISO-PGAE
35638,PGE
36203,CISO-PGAE
35637,PGE
36960,LDWP
39419,AVA
37526,CISO-SDGE
39165,WACM
39166,WACM
35316,BPAT
36307,CISO-PGAE
37679,CISO-SCE
36531,CISO-PGAE
35986,CISO-PGAE
35683,PGE
38916,PSCO
39526,PACE
37808,NEVP
35081,PSEI
36538,TIDC
35948,BANC
38990,PSCO
35241,PSEI
35240,PSEI
35685,BPAT
35686,PGE
37422,CISO-SCE
37421,CISO-SCE
36549,CISO-PGAE
39085,PSCO
39086,PSCO
36234,CISO-PGAE
36889,CISO-SCE
36496,CISO-PGAE
35404,AVA
36616,CISO-SCE
36617,CISO-SCE
37707,IID
37706,IID
37592,CISO-SCE
39120,PSCO
37591,CISO-SCE
39119,PSCO
36461,CISO-PGAE
35850,CISO-PGAE
35512,PACW
36136,CISO-PGAE
35660,PGE
37672,CISO-SDGE
36109,CISO-PGAE
36182,CISO-PGAE
36855,CISO-SCE
35088,PSEI
36872,LDWP
37023,LDWP
37577,CISO-SDGE
37576,CISO-SDGE
37160,CISO-SCE
37060,CISO-SCE
37021,CISO-SCE
37059,CISO-SCE
36091,CISO-PGAE
35071,PSEI
35724,PACW
36194,CISO-PGAE
35072,PSEI
35136,BPAT
37131,CISO-SCE
37130,CISO-SCE
35235,PSEI
35234,BPAT
39222,WACM
37624,CISO-SCE
35879,CISO-PGAE
36882,LDWP
36881,CISO-SCE
35513,PACW
36631,CISO-PGAE
39208,WACM
36818,CISO-SCE
36817,LDWP
35132,BPAT
35133,PSEI
35906,BANC
36536,BANC
36880,CISO-SCE
39152,WACM
39153,WACM
37698,IID
35864,CISO-PGAE
35907,BANC
36176,CISO-PGAE
35160,PSEI
38875,PNM
36190,CISO-PGAE
37087,CISO-SCE
37086,CISO-SCE
36095,CISO-PGAE
36094,CISO-PGAE
38844,PNM
38842,PNM
38843,PNM
35370,BPAT
39665,NWMT
35958,BANC
35957,BANC
37563,CISO-SCE
37562,CISO-SCE
39164,PSCO
39163,PSCO
38707,PACE
38845,EPE
35666,PGE
35723,PACW
35310,PSEI
39219,WACM
39124,PSCO
35209,PSEI
35210,PSEI
38836,PNM
38837,PNM
37461,CISO-SCE
36250,CISO-PGAE
36600,CISO-PGAE
36905,CISO-SCE
36904,CISO-SCE
38922,WACM
37374,CISO-SCE
36284,CISO-PGAE
37135,CISO-SCE
35969,BANC
36603,CISO-PGAE
35330,PSEI
35331,PSEI
35929,BANC
35928,BANC
36406,CISO-PGAE
37382,CISO-SDGE
37553,CISO-SCE
35040,PSEI
36396,CISO-PGAE
35693,PGE
36402,CISO-PGAE
36401,CISO-PGAE
37061,CISO-SCE
37062,CISO-SCE
36812,CISO-SCE
35671,PACW
35328,PSEI
37125,CISO-SCE
36902,CISO-SCE
36903,CISO-SCE
37124,CISO-SCE
38030,WALC
35369,BPAT
37476,CISO-SDGE
39347,PACE
37866,NEVP
38722,PACE
39344,PACE
38567,PACE
38568,PACE
35126,PSEI
35127,PSEI
35326,BPAT
39466,IPCO
36734,CISO-SCE
36229,CISO-PGAE
36228,CISO-PGAE
35951,BANC
37826,NEVP
38056,Arizona
38629,PACE
39619,NWMT
38630,PACE
37026,CISO-SCE
36273,CISO-PGAE
37133,CISO-SCE
36090,CISO-PGAE
36588,CISO-PGAE
35025,BPAT
35344,BPAT
35282,PSEI
36578,CISO-PGAE
35535,PACW
35283,PSEI
39341,PACE
36165,CISO-PGAE
36164,CISO-PGAE
37523,CISO-SDGE
35750,BPAT
35897,CISO-PGAE
37105,CISO-SCE
36404,CISO-PGAE
36156,CISO-PGAE
38310,Arizona
36754,CISO-PGAE
36753,CISO-PGAE
36789,CISO-SCE
38932,WACM
38931,WACM
36377,CISO-PGAE
36993,CISO-SCE
39516,PACE
37645,CISO-SDGE
39081,PSCO
37695,IID
39080,PSCO
36565,CISO-PGAE
36566,CISO-PGAE
38602,PACE
36397,CISO-PGAE
37685,CISO-SCE
35103,PGE
35104,BPAT
35681,PGE
35682,PGE
35400,AVA
36147,CISO-PGAE
36148,CISO-PGAE
35401,AVA
36233,CISO-PGAE
38912,PSCO
38913,PSCO
36114,CISO-PGAE
36740,CISO-SCE
35960,BANC
36195,CISO-PGAE
35959,BANC
36657,TIDC
36526,TIDC
36117,CISO-PGAE
36116,CISO-PGAE
36328,CISO-PGAE
36329,CISO-PGAE
39343,PACE
37659,CISO-SDGE
35901,CISO-PGAE
35900,BANC
36908,LDWP
35653,PGE
35654,PGE
39210,WACM
35398,AVA
35642,PGE
35643,PGE
37462,CISO-SCE
35297,PSEI
39192,WACM
39361,WACM
35284,PSEI
35677,PGE
36198,CISO-PGAE
37811,NEVP
37810,NEVP
36751,CISO-SCE
36752,CISO-SCE
36720,CISO-PGAE
36964,LDWP
35876,CISO-PGAE
35029,BPAT
38133,Arizona
38132,Arizona
35109,PSEI
39209,WACM
38613,PACE
38612,PACE
39143,PSCO
39144,PSCO
35141,PSEI
35140,BPAT
39422,BPAT
35516,PACW
35055,BPAT
35414,AVA
36793,CISO-PGAE
37678,CISO-SCE
37900,NEVP
35662,PGE
35390,AVA
35661,PGE
35193,BPAT
35192,PSEI
38325,Arizona
38326,Arizona
36865,LDWP
35084,BPAT
35085,BPAT
39150,PSCO
35231,PSEI
39149,PSCO
35230,PSEI
36268,CISO-PGAE
39099,PSCO
38709,PACE
36948,CISO-SCE
39200,WACM
35080,PSEI
35339,DOPD
35912,BANC
37840,NEVP
37839,NEVP
37039,CISO-SCE
37076,CISO-SCE
36791,CISO-SCE
37501,CISO-SCE
37502,CISO-SCE
37077,CISO-SCE
38976,WACM
37038,LDWP
36790,CISO-SCE
37901,NEVP
37491,CISO-SDGE
37490,CISO-SDGE
36300,CISO-PGAE
38015,Arizona
35213,BPAT
35212,PSEI
36288,CISO-PGAE
36289,CISO-PGAE
37663,CISO-SDGE
37822,NEVP
37823,NEVP
37871,NEVP
35045,PSEI
35044,PSEI
38662,PACE
38663,PACE
36503,CISO-PGAE
37330,CISO-SCE
37331,CISO-SCE
39191,WACM
36853,LDWP
36520,TIDC
35130,BPAT
35129,BPAT
36096,CISO-PGAE
35534,PACW
36532,CISO-PGAE
35914,CISO-PGAE
37835,NEVP
37834,NEVP
38529,WALC
38193,Arizona
38194,Arizona
36768,CISO-SCE
38172,Arizona
38173,Arizona
39194,WACM
37547,CISO-SDGE
39193,WACM
37548,CISO-SDGE
35978,BANC
37911,NEVP
37912,NEVP
38988,WACM
36376,CISO-PGAE
37363,CISO-SCE
36375,CISO-PGAE
35569,BPAT
35570,BPAT
39225,WACM
39108,PSCO
39109,PSCO
39226,PSCO
36159,CISO-PGAE
37168,CISO-SCE
37167,CISO-SCE
36128,CISO-PGAE
39116,PSCO
36306,CISO-PGAE
38118,Arizona
38119,Arizona
39230,WACM
36092,CISO-PGAE
36947,CISO-SCE
38075,Arizona
38074,Arizona
37587,CISO-SDGE
38694,PACE
35329,PSEI
38693,PACE
39168,WACM
37324,CISO-SCE
35252,PSEI
35251,BPAT
35874,CISO-PGAE
37550,CISO-SCE
37549,CISO-SCE
39031,PSCO
39032,PSCO
36961,LDWP
36883,LDWP
37298,CISO-SCE
39167,WACM
39014,PSCO
39015,PSCO
36772,CISO-PGAE
36771,CISO-PGAE
38908,PSCO
36767,CISO-SCE
35656,BPAT
36398,CISO-PGAE
37642,CISO-SCE
35295,PSEI
35294,PSEI
35684,PGE
35187,BPAT
35186,BPAT
36120,CISO-PGAE
36705,CISO-PGAE
36706,CISO-PGAE
37555,CISO-SDGE
37554,CISO-SDGE
38070,Arizona
36742,CISO-PGAE
37410,CISO-SCE
37409,CISO-SDGE
35887,CISO-PGAE
39362,WACM
35893,CISO-PGAE
37405,CISO-SDGE
37114,CISO-SCE
37113,CISO-SCE
38795,PNM
38794,PNM
39587,NWMT
35830,CISO-PGAE
37475,CISO-SCE
39235,WACM
38915,PSCO
39236,WACM
35517,BPAT
38655,PACE
38654,PACE
38618,PACE
38040,WALC
38039,WALC
35966,BANC
35965,BANC
37658,CISO-SDGE
39204,WACM
39203,WACM
35983,CISO-PGAE
35020,PSEI
36780,CISO-SCE
36781,CISO-SCE
39125,PSCO
39065,PSCO
35832,CISO-PGAE
39007,PSCO
35694,PGE
36919,CISO-SCE
39656,NWMT
35695,PGE
35696,PGE
37579,CISO-SDGE
37580,CISO-SDGE
35867,CISO-PGAE
38372,Arizona
37358,CISO-SCE
37357,CISO-SCE
35605,BPAT
39087,PSCO
36488,CISO-PGAE
36939,LDWP
38616,PACE
38617,PACE
38217,Arizona
38216,Arizona
38943,PSCO
39042,PSCO
39043,PSCO
37367,CISO-SCE
35737,BPAT
37661,CISO-SCE
36260,CISO-PGAE
35264,PSEI
39450,AVA
39727,EPE
39726,EPE
36466,CISO-PGAE
39018,PSCO
35366,BPAT
38808,PNM
39004,PSCO
38809,PNM
39005,PSCO
38016,Arizona
35942,BANC
36352,CISO-PGAE
37148,CISO-SCE
37149,CISO-SCE
38220,Arizona
38219,Arizona
35529,BPAT
35540,PACW
38270,Arizona
38269,Arizona
35189,PSEI
35188,PSEI
35245,PSEI
35246,PSEI
36824,CISO-SCE
37559,CISO-SDGE
37558,CISO-SDGE
37302,CISO-SCE
36743,CISO-PGAE
37301,CISO-SCE
35218,PSEI
38832,PNM
35219,BPAT
38833,PNM
36958,LDWP
36089,CISO-PGAE
36088,CISO-PGAE
36580,CISO-PGAE
36102,CISO-PGAE
37328,CISO-SCE
39455,IPCO
39456,IPCO
36330,CISO-PGAE
36331,CISO-PGAE
39370,WACM
35323,BPAT
38588,PACE
35120,BPAT
35119,PSEI
38587,PACE
38989,WACM
37552,CISO-SCE
39089,PSCO
39088,PSCO
35593,BPAT
35592,BPAT
35051,PSEI
37156,CISO-SCE
37157,CISO-SCE
39363,WACM
36255,CISO-PGAE
39513,PACE
36254,CISO-PGAE
38666,PACE
38667,PACE
39077,PSCO
39076,PSCO
39415,AVA
37009,LDWP
39416,AVA
36395,CISO-PGAE
36232,CISO-PGAE
36231,CISO-PGAE
36968,LDWP
36414,CISO-PGAE
36413,CISO-PGAE
35546,PACW
38355,Arizona
38354,Arizona
36592,CISO-PGAE
35547,PACW
36593,CISO-PGAE
39079,PSCO
39078,PSCO
39501,IPCO
35102,BPAT
35101,BPAT
36978,LDWP
35863,CISO-PGAE
35083,PSEI
36291,CISO-PGAE
35149,PSEI
39073,PSCO
39074,PSCO
37373,CISO-SCE
35250,PSEI
35249,PSEI
35227,PSEI
35226,PSEI
39110,PSCO
39111,PSCO
39376,WACM
37030,LDWP
36394,CISO-PGAE
35277,PSEI
36831,LDWP
37429,CISO-SCE
37877,NEVP
36351,CISO-PGAE
37862,NEVP
37832,NEVP
38792,PNM
37369,CISO-SCE
35021,PSEI
37625,CISO-SDGE
35181,PSEI
39741,EPE
38081,Arizona
38080,Arizona
39512,PACE
37535,CISO-SCE
37536,CISO-SDGE
38093,Arizona
38094,Arizona
37948,NEVP
37949,NEVP
39524,PACE
35913,BANC
36524,BANC
37617,CISO-SCE
35076,BPAT
37566,CISO-SDGE
37567,CISO-SDGE
36252,CISO-PGAE
36115,CISO-PGAE
35411,AVA
35410,AVA
36554,CISO-PGAE
39135,PSCO
39136,PSCO
36517,BANC
36518,TIDC
37173,CISO-SCE
37172,CISO-SCE
35409,AVA
37525,CISO-SDGE
37815,NEVP
37814,NEVP
35945,BANC
39525,PACE
38020,WALC
39062,PSCO
36246,CISO-PGAE
35680,PGE
35679,PGE
37831,NEVP
38680,PACE
38681,PACE
35973,BANC
38904,PSCO
36323,CISO-PGAE
37433,CISO-SCE
37432,CISO-SCE
35609,BPAT
37516,CISO-SDGE
38607,PACE
38161,Arizona
37701,IID
35278,PSEI
39169,WACM
36417,CISO-PGAE
36416,CISO-PGAE
35541,PACW
37527,CISO-SDGE
39508,PACE
38292,Arizona
38293,Arizona
39158,WACM
36857,LDWP
35322,BPAT
35882,CISO-PGAE
35883,CISO-PGAE
39520,PACE
36238,CISO-PGAE
36239,CISO-PGAE
36343,CISO-PGAE
36342,CISO-PGAE
37534,CISO-SDGE
39728,EPE
36507,CISO-PGAE
36508,CISO-PGAE
37843,NEVP
37824,NEVP
37403,CISO-SCE
39342,PACE
37404,CISO-SCE
35255,PSEI
36764,CISO-SCE
37106,CISO-SCE
36869,LDWP
38137,Arizona
38136,Arizona
36290,CISO-PGAE
37606,CISO-SDGE
36956,CISO-SCE
37607,CISO-SDGE
37904,NEVP
35405,AVA
37398,CISO-SCE
37397,CISO-SDGE
36918,LDWP
37540,CISO-SDGE
37539,CISO-SDGE
37439,CISO-SCE
37438,CISO-SCE
36556,CISO-PGAE
39586,NWMT
39522,PACE
36093,CISO-PGAE
36179,CISO-PGAE
39377,WACM
36910,CISO-SCE
37702,CISO-SCE
37629,CISO-SDGE
35168,PSEI
38825,PNM
38824,PNM
36367,CISO-PGAE
36350,CISO-PGAE
35997,PACW
36491,CISO-PGAE
36490,CISO-PGAE
37118,CISO-SCE
37119,CISO-SCE
35204,BPAT
35203,PSEI
37704,IID
38945,PSCO
36253,CISO-PGAE
37183,CISO-SCE
37184,CISO-SCE
39221,WACM
38593,PACE
38594,PACE
35035,PSEI
35550,PGE
36196,CISO-PGAE
38595,PACE
38596,PACE
38632,PACE
38633,PACE
38557,PACE
39026,PSCO
39027,PSCO
35659,BPAT
38906,WACM
35985,CISO-PGAE
39335,PACE
35026,PSEI
39465,IPCO
39123,PSCO
39122,PSCO
39464,IPCO
39438,IPCO
39437,IPCO
37075,CISO-SCE
37941,NEVP
37940,NEVP
35259,PSEI
35260,PSEI
35034,PSEI
38315,Arizona
38316,Arizona
37687,IID
36952,CISO-SCE
37315,CISO-SCE
36584,CISO-PGAE
36953,LDWP
36585,CISO-PGAE
39045,PSCO
36719,CISO-PGAE
36917,LDWP
37643,CISO-SCE
35758,BPAT
38069,Arizona
36774,CISO-PGAE
36775,CISO-PGAE
38608,PACE
39001,PSCO
35389,AVA
35248,PSEI
37388,CISO-SDGE
35247,PSEI
35415,AVA
35038,PSEI
35037,PSEI
37703,IID
35150,PSEI
35015,BPAT
35829,CISO-PGAE
37018,LDWP
37019,LDWP
39172,PSCO
39436,AVA
39173,PSCO
35827,CISO-PGAE
35868,CISO-PGAE
35711,PGE
38180,Arizona
35712,PGE
37589,CISO-SDGE
36811,CISO-SCE
36553,CISO-PGAE
37533,CISO-SDGE
39729,EPE
35727,PGE
39063,PSCO
39064,PSCO
39101,PSCO
35385,AVA
39100,PSCO
36844,LDWP
37380,CISO-SCE
36562,CISO-PGAE
36561,CISO-PGAE
37509,CISO-SDGE
35702,PGE
35703,PGE
35596,BPAT
39423,BPAT
36858,LDWP
38952,PSCO
36946,LDWP
36945,LDWP
37653,CISO-SDGE
37006,CISO-SCE
37007,CISO-SCE
37336,CISO-SCE
37335,CISO-SCE
35626,BPAT
35916,CISO-PGAE
35595,BPAT
37108,CISO-SCE
37496,CISO-SCE
37497,CISO-SCE
38298,Arizona
35387,AVA
35190,BPAT
35191,BPAT
37427,CISO-SCE
39180,PSCO
39179,PSCO
37329,CISO-SCE
36485,CISO-PGAE
35952,BANC
35579,PGE
35657,PGE
39463,IPCO
37927,NEVP
37928,NEVP
38230,Arizona
38231,Arizona
39131,PSCO
35214,BPAT
35956,CISO-PGAE
35215,PSEI
38698,PACE
39747,EPE
36478,CISO-PGAE
36477,CISO-PGAE
39748,EPE
35073,PSEI
38380,Arizona
35169,PSEI
38690,PACE
37602,CISO-SDGE
36354,CISO-PGAE
36353,CISO-PGAE
39212,WACM
38344,Arizona
39213,WACM
37013,LDWP
37014,CISO-SCE
39252,PSCO
35290,PSEI
35742,BPAT
35736,BPAT
37458,CISO-SCE
37457,CISO-SCE
37456,CISO-SCE
37473,CISO-SCE
36084,CISO-PGAE
37472,CISO-SCE
37957,NEVP
36815,LDWP
35296,PSEI
36214,CISO-PGAE
36215,CISO-PGAE
37514,CISO-SCE
37513,CISO-SCE
38628,PACE
38342,Arizona
35116,PSEI
39046,PSCO
35667,PGE
36210,CISO-PGAE
35070,PSEI
36825,LDWP
36500,CISO-PGAE
36746,CISO-SCE
36747,CISO-SCE
37863,NEVP
38108,Arizona
38109,Arizona
39049,PSCO
37610,CISO-SDGE
36608,CISO-SCE
38558,PACE
36521,TIDC
35146,BPAT
39130,PSCO
37897,NEVP
37000,CISO-SCE
37896,NEVP
37001,CISO-SCE
39481,IPCO
38125,Arizona
38126,Arizona
35031,PSEI
35032,PSEI
38113,Arizona
38112,Arizona
38398,Arizona
36567,CISO-PGAE
36568,CISO-PGAE
36514,BANC
37143,CISO-SCE
37081,CISO-SCE
37080,CISO-SCE
39056,PSCO
39055,PSCO
36864,LDWP
37681,CISO-SCE
37680,CISO-SCE
37400,CISO-SCE
36835,LDWP
37399,CISO-SCE
35406,AVA
39737,EPE
39738,EPE
37551,CISO-SCE
37510,CISO-SDGE
36997,CISO-SCE
39048,PSCO
39373,WACM
37542,CISO-SDGE
39205,PSCO
35041,PSEI
36621,CISO-SCE
38591,PACE
38592,PACE
38572,PACE
38573,PACE
35580,PGE
36373,CISO-PGAE
36374,CISO-PGAE
37581,CISO-SDGE
37582,CISO-SDGE
36312,CISO-PGAE
38340,Arizona
38341,Arizona
39030,PSCO
35590,PGE
35589,PGE
36848,CISO-SCE
36847,LDWP
39112,PSCO
35663,PGE
39190,WACM
39189,WACM
36183,CISO-PGAE
39374,WACM
38524,PACE
38523,PACE
35672,PGE
35673,PGE
38095,Arizona
38096,Arizona
38991,PSCO
39592,NWMT
39591,NWMT
36838,LDWP
37488,CISO-SDGE
37318,CISO-SCE
37319,CISO-SCE
37608,CISO-SDGE
39096,PSCO
37499,CISO-SDGE
37498,CISO-SDGE
39028,PSCO
39090,PSCO
39029,PSCO
39521,PACE
37873,NEVP
37872,NEVP
39739,EPE
39740,EPE
36361,CISO-PGAE
39091,PSCO
37712,WALC
37355,CISO-SCE
37354,CISO-SCE
39133,PSCO
39035,PSCO
35697,PGE
38155,Arizona
38156,Arizona
39061,PSCO
36601,CISO-SCE
37807,NEVP
37806,NEVP
37660,CISO-SCE
36796,CISO-SCE
37493,CISO-SCE
37494,CISO-SCE
35707,PGE
35706,PGE
35134,BPAT
35217,PSEI
37538,CISO-SCE
35216,PSEI
35627,BPAT
39492,IPCO
37633,CISO-SCE
37528,CISO-SDGE
38029,WALC
36730,CISO-PGAE
38611,PACE
37078,CISO-SCE
38073,Arizona
39519,PACE
39515,PACE
38609,PACE
38610,PACE
36141,CISO-PGAE
36140,CISO-PGAE
36139,CISO-PGAE
38661,PACE
38660,PACE
35356,GCPD
35961,BANC
38083,Arizona
38082,Arizona
35704,PGE
35705,BPAT
38257,Arizona
38258,Arizona
36797,CISO-SCE
35096,PSEI
39160,PSCO
38225,Arizona
35828,CISO-PGAE
36222,CISO-PGAE
36221,CISO-PGAE
35764,IPCO
35267,PSEI
35268,PSEI
35678,BPAT
37636,CISO-SDGE
37635,CISO-SDGE
37952,NEVP
37951,NEVP
35183,PSEI
38291,Arizona
36728,CISO-SCE
36727,CISO-PGAE
35069,PSEI
35556,PACW
38996,PSCO
37640,CISO-SDGE
37641,CISO-SDGE
37634,CISO-SDGE
35720,PGE
35014,BPAT
37393,CISO-SCE
35614,PGE
37391,CISO-SCE
37392,CISO-SCE
35615,PGE
37486,CISO-SCE
37024,CISO-SCE
37485,CISO-SCE
37025,LDWP
35139,PSEI
37464,CISO-SCE
37463,CISO-SCE
38590,PACE
35357,GCPD
36985,LDWP
36986,CISO-SCE
39159,PSCO
35399,AVA
36854,CISO-SCE
37646,CISO-SDGE
35233,PSEI
35232,PSEI
37569,CISO-SCE
37568,CISO-SCE
36736,CISO-SCE
37353,CISO-SCE
37352,CISO-SCE
36186,CISO-PGAE
39636,NWMT
35107,BPAT
35185,PSEI
37139,CISO-SCE
36722,CISO-PGAE
36721,CISO-PGAE
35854,BANC
35576,BPAT
35577,BPAT
36166,CISO-PGAE
35338,BPAT
37325,CISO-SCE
38566,PACE
37415,CISO-SCE
37416,CISO-SCE
38565,PACE
37054,CISO-SCE
37505,CISO-SDGE
35734,BPAT
35733,BPAT
35157,PSEI
37876,NEVP
36097,CISO-PGAE
38031,WALC
38525,PACE
39722,EPE
36286,CISO-PGAE
36287,CISO-PGAE
37647,CISO-SDGE
36316,CISO-PGAE
36315,CISO-PGAE
37469,CISO-SCE
37468,CISO-SCE
37470,CISO-SCE
39095,PSCO
35300,BPAT
35299,BPAT
39199,WACM
38361,Arizona
38360,Arizona
35220,BPAT
39471,IPCO
35714,PGE
39432,IPCO
36573,CISO-PGAE
39084,PSCO
39083,PSCO
35174,PSEI
36410,CISO-PGAE
36409,CISO-PGAE
36579,CISO-PGAE
35333,CHPD
35334,CHPD
35995,CISO-PGAE
39578,WACM
38606,PACE
38605,PACE
38171,Arizona
38170,Arizona
35757,BPAT
35756,BPAT
38352,Arizona
38351,Arizona
35962,BANC
37459,CISO-SCE
37460,CISO-SCE
38668,PACE
38669,PACE
39127,WACM
36506,CISO-PGAE
37546,CISO-SCE
37545,CISO-SCE
38206,Arizona
35123,PSEI
35124,PSEI
36467,CISO-PGAE
36468,CISO-PGAE
37495,CISO-SCE
38330,Arizona
37889,NEVP
37888,NEVP
36784,CISO-PGAE
36782,CISO-PGAE
36783,CISO-PGAE
38601,PACE
38600,PACE
37620,CISO-SDGE
36760,CISO-SCE
36761,CISO-SCE
36759,CISO-SCE
39676,BPAT
39675,BPAT
37316,CISO-SCE
37317,CISO-SCE
35161,BPAT
35289,PSEI
38274,Arizona
38275,Arizona
37850,NEVP
38331,Arizona
37614,CISO-SDGE
37615,CISO-SDGE
37613,CISO-SDGE
35177,BPAT
39367,WACM
37967,NEVP
36715,CISO-PGAE
36216,CISO-PGAE
35144,BPAT
36137,CISO-PGAE
38021,WALC
38022,WALC
35075,BPAT
37817,NEVP
36749,CISO-SCE
35074,PGE
37818,NEVP
36748,CISO-SCE
39457,IPCO
39195,WACM
38169,Arizona
38168,Arizona
37042,CISO-SCE
37395,CISO-SCE
37396,CISO-SCE
35648,PGE
35269,PSEI
38312,Arizona
36365,CISO-PGAE
38313,Arizona
35270,PSEI
35597,BPAT
37322,CISO-SCE
36122,CISO-PGAE
36121,CISO-PGAE
38197,Arizona
37586,CISO-SDGE
37585,CISO-SDGE
39012,PSCO
39013,PSCO
36362,CISO-PGAE
35151,BPAT
35618,PACW
35619,PACW
35394,AVA
35393,AVA
35182,BPAT
35196,BPAT
37946,NEVP
37947,NEVP
36512,BANC
35544,PGE
36885,LDWP
37454,CISO-SCE
37455,CISO-SCE
37453,CISO-SCE
39379,WACM
35145,BPAT
39206,WACM
36357,CISO-PGAE
36356,CISO-PGAE
37015,CISO-SCE
38184,Arizona
38185,Arizona
39442,IPCO
39443,IPCO
37503,CISO-SCE
38521,PACE
36382,CISO-PGAE
36381,CISO-PGAE
35222,BPAT
35944,CISO-PGAE
38320,Arizona
36358,CISO-PGAE
37151,CISO-SCE
37150,CISO-SCE
37466,CISO-SCE
37467,CISO-SCE
39155,WACM
36763,CISO-PGAE
35039,PSEI
37599,CISO-SDGE
37327,CISO-SCE
38202,Arizona
39003,PSCO
39002,PSCO
35358,BPAT
37424,CISO-SCE
37423,CISO-SCE
37323,CISO-SCE
36486,CISO-PGAE
38066,Arizona
35207,PSEI
35208,PSEI
35549,BPAT
35063,BPAT
39038,PSCO
36994,CISO-SCE
35905,BANC
35600,PGE
35831,PACW
37304,CISO-SCE
37303,CISO-SCE
36982,LDWP
36981,CISO-SCE
37314,CISO-SCE
37312,CISO-SCE
37532,CISO-SDGE
38305,Arizona
38214,Arizona
38213,Arizona
36363,CISO-PGAE
38089,Arizona
38090,Arizona
39103,PSCO
36418,CISO-PGAE
36419,CISO-PGAE
39102,PSCO
38409,Arizona
39145,WACM
39146,PSCO
36624,CISO-SCE
39037,PSCO
38623,PACE
38624,PACE
35110,PSEI
35402,AVA
39454,IPCO
35138,BPAT
39453,IPCO
35137,BPAT
35100,BPAT
36943,CISO-SCE
38530,PACE
36469,CISO-PGAE
37362,CISO-SCE
37361,CISO-SCE
37649,CISO-SDGE
37648,CISO-SDGE
35301,PSEI
38092,Arizona
35408,BPAT
35935,BANC
35934,BANC
38401,Arizona
38402,Arizona
38289,Arizona
38290,Arizona
36607,CISO-PGAE
35984,CISO-PGAE
36887,LDWP
39366,WACM
36888,LDWP
39118,PSCO
37483,CISO-SCE
37484,CISO-SCE
39147,PSCO
36087,CISO-PGAE
35086,BPAT
38651,PACE
37434,CISO-SCE
35275,PSEI
37531,CISO-SCE
35551,PGE
38300,Arizona
38301,Arizona
37638,CISO-SDGE
37639,CISO-SDGE
37623,CISO-SCE
38162,Arizona
36769,CISO-PGAE
36770,CISO-PGAE
35242,PSEI
36807,CISO-SCE
36385,CISO-PGAE
39156,PSCO
39157,PSCO
35321,BPAT
37604,CISO-SDGE
35199,PSEI
35200,BPAT
39258,PSCO
35350,BPAT
37342,CISO-SCE
37407,CISO-SCE
38570,PACE
38569,PACE
38087,Arizona
38088,Arizona
39142,WACM
35179,BPAT
35178,PSEI
37032,CISO-SCE
37449,CISO-SCE
37448,CISO-SCE
37447,CISO-SCE
38365,Arizona
36577,CISO-PGAE
35257,PSEI
36623,CISO-SCE
35740,BPAT
36987,CISO-SCE
37389,CISO-SCE
36963,CISO-SCE
38250,Arizona
38249,Arizona
35640,PACW
35641,PACW
35012,BPAT
36930,LDWP
38128,Arizona
38127,Arizona
35135,BPAT
35173,PSEI
36756,CISO-SCE
35604,PGE
35603,PGE
39098,PSCO
35164,BPAT
35163,PSEI
35949,BANC
35950,BANC
37884,NEVP
37883,NEVP
36473,CISO-PGAE
37601,CISO-SDGE
38339,Arizona
38358,Arizona
38357,Arizona
35266,PSEI
35564,BPAT
39215,PSCO
39214,PSCO
35754,BPAT
37902,NEVP
37903,NEVP
36973,LDWP
36974,CISO-SCE
37162,CISO-SCE
36193,CISO-PGAE
35555,BPAT
37308,CISO-SCE
37306,CISO-SCE
36965,LDWP
36559,CISO-PGAE
36169,CISO-PGAE
39460,IPCO
38653,PACE
38131,Arizona
35211,BPAT
37913,NEVP
37914,NEVP
36132,CISO-PGAE
35717,BPAT
36143,CISO-PGAE
38224,Arizona
38223,Arizona
38199,Arizona
38198,Arizona
35721,PACW
37390,CISO-SCE
36188,CISO-PGAE
36189,CISO-PGAE
38659,PACE
38658,PACE
39141,WACM
36170,CISO-PGAE
36851,CISO-SCE
36852,LDWP
39082,PSCO
38373,Arizona
37827,NEVP
37828,NEVP
37595,CISO-SDGE
37596,CISO-SDGE
38051,Arizona
38130,Arizona
35955,CISO-PGAE
37662,CISO-SDGE
36582,CISO-PGAE
39439,AVA
35919,BANC
37898,NEVP
37899,NEVP
35670,PGE
35225,BPAT
38531,PACE
35563,BPAT
38196,Arizona
36266,CISO-PGAE
36265,CISO-PGAE
38236,Arizona
38237,Arizona
39349,PACE
36913,CISO-SCE
35256,PSEI
35996,CISO-PGAE
38637,PACE
36126,CISO-PGAE
36125,CISO-PGAE
35159,BPAT
35920,BANC
36324,CISO-PGAE
36325,CISO-PGAE
36897,LDWP
39461,IPCO
36898,CISO-SCE
36899,CISO-SCE
39462,IPCO
38296,Arizona
38297,Arizona
35263,PSEI
35262,PSEI
35165,BPAT
35166,BPAT
38670,PACE
38671,PACE
36587,CISO-PGAE
36227,CISO-PGAE
39121,PSCO
35113,PSEI
36391,CISO-PGAE
36392,CISO-PGAE
38264,Arizona
38265,Arizona
37129,CISO-SCE
35093,BPAT
37002,LDWP
37836,NEVP
37837,NEVP
38120,Arizona
38253,Arizona
38121,Arizona
38252,Arizona
38646,PACE
37935,NEVP
36161,CISO-PGAE
39016,PSCO
37934,NEVP
39017,PSCO
35105,PSEI
37522,CISO-SDGE
38673,PACE
35202,PSEI
35201,BPAT
35206,PSEI
36263,CISO-PGAE
36264,CISO-PGAE
38323,Arizona
36002,CISO-PGAE
38520,PACE
39176,PSCO
38322,Arizona
35554,BPAT
35325,BPAT
35324,BPAT
38295,Arizona
36894,LDWP
37693,IID
37694,IID
39044,PSCO
36625,CISO-SCE
38159,Arizona
38160,Arizona
37011,LDWP
37010,LDWP
38104,Arizona
38103,Arizona
35953,BANC
37320,CISO-SCE
35049,PSEI
37321,CISO-SCE
37481,CISO-SDGE
37480,CISO-SCE
37100,CISO-SCE
38228,Arizona
38242,Arizona
38229,Arizona
38243,Arizona
36925,LDWP
36926,LDWP
39113,PSCO
36950,LDWP
36949,CISO-SCE
39097,PSCO
36384,CISO-PGAE
38307,Arizona
35647,PGE
35646,PGE
36969,LDWP
38189,Arizona
38188,Arizona
38281,Arizona
38282,Arizona
37047,CISO-SCE
37046,CISO-SCE
37008,CISO-SCE
37867,NEVP
36383,CISO-PGAE
36476,CISO-PGAE
38306,Arizona
37036,CISO-SCE
36388,CISO-PGAE
36387,CISO-PGAE
38674,PACE
38675,PACE
37091,CISO-SCE
35622,PGE
38246,Arizona
38245,Arizona
37406,CISO-SCE
36303,CISO-PGAE
38154,Arizona
38153,Arizona
38157,Arizona
38158,Arizona
37034,CISO-SCE
37096,CISO-SCE
37035,CISO-SCE
37033,CISO-SCE
37095,CISO-SCE
35180,PSEI
38429,Arizona
35106,PSEI
37384,CISO-SDGE
37383,CISO-SDGE
39752,EPE
39753,EPE
38187,Arizona
38186,Arizona
35153,BPAT
35152,BPAT
36929,LDWP
38129,Arizona
36834,LDWP
38376,Arizona
39058,PSCO
39059,PSCO
36237,CISO-PGAE
35688,PGE
35687,PGE
36937,LDWP
35676,PGE
35082,PSEI
39240,WACM
37627,CISO-SDGE
39490,IPCO
39489,IPCO
37445,CISO-SCE
37444,CISO-SCE
37446,CISO-SCE
38638,PACE
38639,PACE
35658,PGE
39021,PSCO
39022,PSCO
39715,EPE
38190,Arizona
38374,Arizona
39132,PSCO
38375,Arizona
38263,Arizona
38262,Arizona
38631,PACE
37819,NEVP
37820,NEVP
36152,CISO-PGAE
36151,CISO-PGAE
38545,PACE
37412,CISO-SDGE
35062,BPAT
35008,BPAT
35221,PSEI
35565,PGE
38163,Arizona
37893,NEVP
35115,BPAT
35715,PGE
35943,BANC
38580,PACE
36934,LDWP
38581,PACE
35610,PGE
35650,PGE
35611,PGE
37632,CISO-SCE
36799,CISO-SCE
39006,PSCO
36922,CISO-SCE
35982,CISO-PGAE
39053,PSCO
39052,PSCO
38626,PACE
38625,PACE
38578,PACE
35024,PSEI
38143,Arizona
36484,CISO-PGAE
38239,Arizona
36610,CISO-SCE
35291,PSEI
35617,PGE
35413,AVA
36464,CISO-PGAE
37954,NEVP
37953,NEVP
35367,BPAT
35368,BPAT
36480,CISO-PGAE
36798,CISO-PGAE
37664,CISO-SDGE
39467,IPCO
35281,PSEI
36345,CISO-PGAE
36479,CISO-PGAE
37950,NEVP
35690,PACW
36597,CISO-SCE
36598,CISO-PGAE
39151,PSCO
35042,BPAT
36344,CISO-PGAE
37846,NEVP
37611,CISO-SDGE
37337,CISO-SCE
37338,CISO-SCE
35271,PSEI
39115,PSCO
39114,PSCO
38430,Arizona
35391,AVA
35392,AVA
35022,BPAT
35023,BPAT
39184,WACM
39183,WACM
39719,EPE
39721,EPE
39720,EPE
35028,PSEI
38084,Arizona
38085,Arizona
37134,CISO-SCE
37370,CISO-SDGE
37869,NEVP
37870,NEVP
38078,Arizona
38079,Arizona
36977,CISO-SCE
35265,PSEI
35639,PGE
38272,Arizona
38273,Arizona
39368,WACM
35566,BPAT
37072,CISO-SCE
37924,NEVP
37925,NEVP
38603,PACE
39175,PSCO
36167,CISO-PGAE
37696,IID
37022,LDWP
38642,PACE
36207,CISO-PGAE
36206,CISO-PGAE
37425,CISO-SCE
37426,CISO-SCE
36369,CISO-PGAE
36370,CISO-PGAE
36873,LDWP
36535,BANC
37631,CISO-SDGE
35892,CISO-PGAE
35559,BPAT
37906,NEVP
37907,NEVP
36921,LDWP
38134,Arizona
37825,NEVP
38135,Arizona
36472,CISO-PGAE
38546,PACE
39161,PSCO
39162,PSCO
38101,Arizona
38102,Arizona
38146,Arizona
38145,Arizona
37050,CISO-SCE
37051,CISO-SCE
35184,BPAT
39218,PSCO
37146,CISO-SCE
37147,CISO-SCE
39051,PSCO
39050,PSCO
39071,PSCO
39072,PSCO
35078,PSEI
38909,PSCO
37650,CISO-SCE
36983,LDWP
36539,TIDC
37419,CISO-SCE
37420,CISO-SCE
38279,Arizona
38280,Arizona
38026,Arizona
35243,PSEI
35244,PSEI
37833,NEVP
35911,CISO-PGAE
38178,Arizona
38177,Arizona
39755,EPE
39756,EPE
35699,PGE
38071,Arizona
38072,Arizona
39181,PSCO
39182,PSCO
36874,LDWP
38362,Arizona
38363,Arizona
36319,CISO-PGAE
36320,CISO-PGAE
38664,PACE
38589,PACE
35253,PSEI
35254,PSEI
38347,Arizona
36879,CISO-SCE
36878,LDWP
39039,PSCO
36990,LDWP
36989,LDWP
36991,CISO-SCE
36305,CISO-PGAE
36155,CISO-PGAE
38332,Arizona
39075,PSCO
38933,WACM
36298,CISO-PGAE
36470,CISO-PGAE
38068,Arizona
36612,CISO-SCE
36611,CISO-SCE
37027,CISO-SCE
37028,CISO-SCE
36716,CISO-PGAE
37598,CISO-SDGE
36970,CISO-SCE
37557,CISO-SDGE
39067,PSCO
39223,PSCO
39224,PSCO
38641,PACE
38181,Arizona
36581,CISO-PGAE
37309,CISO-SCE
37037,CISO-SCE
37101,CISO-SCE
37102,CISO-SCE
37340,CISO-SCE
37339,CISO-SCE
37644,CISO-SDGE
39742,EPE
39743,EPE
35111,BPAT
35112,BPAT
37859,CISO-VEA
35954,BANC
36980,LDWP
36211,CISO-PGAE
38576,PACE
38017,Arizona
38577,PACE
38302,Arizona
38657,PACE
38559,PACE
38621,PACE
38622,PACE
36119,CISO-PGAE
36906,CISO-SCE
36907,CISO-SCE
37597,CISO-SDGE
38686,PACE
38687,PACE
38564,PACE
36135,CISO-PGAE
38614,PACE
38227,Arizona
38226,Arizona
35599,PGE
35598,PGE
36299,CISO-PGAE
38247,Arizona
39196,WACM
37107,CISO-SCE
37181,CISO-SCE
38271,Arizona
37182,CISO-SCE
35276,PSEI
39106,PSCO
39105,PSCO
39054,PSCO
36378,CISO-PGAE
35970,BANC
38328,Arizona
38329,Arizona
37886,NEVP
37887,NEVP
38615,PACE
36591,CISO-PGAE
36590,CISO-PGAE
38582,PACE
37588,CISO-SDGE
37665,CISO-SDGE
37043,CISO-SCE
36386,CISO-PGAE
36972,CISO-SCE
37165,CISO-SCE
38150,Arizona
38149,Arizona
37515,CISO-SDGE
38238,Arizona
39066,PSCO
35981,BANC
35980,BANC
38985,PSCO
37622,CISO-SCE
37621,CISO-SCE
37164,CISO-SCE
38381,Arizona
36801,CISO-SCE
36800,CISO-SCE
36959,LDWP
37830,NEVP
37905,NEVP
38311,Arizona
36278,CISO-PGAE
36279,CISO-PGAE
38584,PACE
38583,PACE
38346,Arizona
38345,Arizona
37571,CISO-SDGE
36175,CISO-PGAE
36975,LDWP
37334,CISO-SCE
36572,CISO-PGAE
37521,CISO-SCE
37520,CISO-SCE
36966,LDWP
35924,BANC
37379,CISO-SCE
36832,LDWP
38285,Arizona
38286,Arizona
37069,CISO-SCE
35675,PGE
38099,Arizona
38098,Arizona
38212,Arizona
38211,Arizona
37890,NEVP
37084,CISO-SCE
37083,CISO-SCE
36589,CISO-PGAE
37020,CISO-SCE
39734,EPE
37356,CISO-SCE
38261,Arizona
35108,BPAT
35558,BPAT
39733,EPE
37609,CISO-SDGE
35923,CISO-PGAE
36971,CISO-SCE
37351,CISO-SCE
37944,NEVP
37945,NEVP
37068,CISO-SCE
35698,PGE
38179,Arizona
38203,Arizona
38204,Arizona
37359,CISO-SCE
39177,PSCO
39178,PSCO
38598,PACE
38597,PACE
36185,CISO-PGAE
37923,NEVP
37922,NEVP
38233,Arizona
38234,Arizona
38356,Arizona
35946,BANC
38371,Arizona
36304,CISO-PGAE
37544,CISO-SCE
36495,CISO-PGAE
36816,CISO-SCE
36909,LDWP
37381,CISO-SCE
38353,Arizona
36996,CISO-SCE
37141,CISO-SCE
37882,NEVP
38174,Arizona
38175,Arizona
37132,CISO-SCE
38036,Arizona
38035,Arizona
36911,LDWP
35636,PGE
35635,PGE
37053,CISO-SCE
37861,NEVP
37919,NEVP
37929,NEVP
37300,CISO-SCE
38182,Arizona
38222,Arizona
35274,PSEI
35273,PSEI
37299,CISO-SCE
36515,BANC
37044,LDWP
38067,Arizona
37933,NEVP
37932,NEVP
38334,Arizona
38077,Arizona
38076,Arizona
35739,BPAT
35738,BPAT
37936,NEVP
37937,NEVP
36942,LDWP
35077,BPAT
37474,CISO-SCE
38115,Arizona
38114,Arizona
36870,CISO-SCE
37885,NEVP
39187,PSCO
39188,PSCO
37541,CISO-SDGE
37868,NEVP
37079,CISO-SCE
36839,CISO-SCE
36900,LDWP
37865,NEVP
38124,Arizona
37142,CISO-SCE
37630,CISO-SDGE
38366,Arizona
36504,CISO-PGAE
38107,Arizona
38043,WALC
36896,CISO-SCE
38209,Arizona
38210,Arizona
36269,CISO-PGAE
36762,CISO-PGAE
38554,PACE
38555,PACE
36522,TIDC
38283,Arizona
38284,Arizona
37376,CISO-SCE
38287,Arizona
36914,CISO-SCE
36893,LDWP
37375,CISO-SCE
38037,WALC
37917,NEVP
37918,NEVP
37041,CISO-SCE
37849,NEVP
38167,Arizona
37880,NEVP
37881,NEVP
36808,CISO-SCE
36569,CISO-PGAE
37537,CISO-SCE
38266,Arizona
38267,Arizona
38142,Arizona
38336,Arizona
38335,Arizona
36523,BANC
35623,PGE
35624,PGE
36859,LDWP
37895,NEVP
37894,NEVP
38260,Arizona
38259,Arizona
37500,CISO-SDGE
36863,LDWP
37875,NEVP
37874,NEVP
37163,CISO-SCE
36951,LDWP
38061,Arizona
37094,CISO-SCE
37829,NEVP
38062,Arizona
37029,CISO-SCE
37590,CISO-SDGE
36755,CISO-SCE
36833,LDWP
37504,CISO-SCE
38138,Arizona
38139,Arizona
36138,CISO-PGAE
37099,CISO-SCE
36177,CISO-PGAE
37092,CISO-SCE
38110,Arizona
38111,Arizona
39069,PSCO
39068,PSCO
37326,CISO-SCE
36984,LDWP
37603,CISO-SDGE
36150,CISO-PGAE
37045,LDWP
35621,PGE
37313,CISO-SCE
37307,CISO-SCE
37921,NEVP
39186,PSCO
39185,PSCO
38562,PACE
38563,PACE
35122,BPAT
38367,Arizona
38368,Arizona
36366,CISO-PGAE
35372,BPAT
38147,Arizona
38148,Arizona
38349,Arizona
39126,PSCO
37879,NEVP
37333,CISO-SCE
36967,CISO-SCE
37920,NEVP
35664,PGE
35373,BPAT
38200,Arizona
38201,Arizona
38106,Arizona
38105,Arizona
37915,NEVP
37916,NEVP
37878,NEVP
38350,Arizona
36149,CISO-PGAE
39745,EPE
39744,EPE
39746,EPE
37471,CISO-SCE
37052,CISO-SCE
38207,Arizona
38208,Arizona
37332,CISO-SCE
38337,Arizona
38338,Arizona
36912,LDWP
36154,CISO-PGAE
35205,BPAT
36877,LDWP
37942,NEVP
37943,NEVP
36866,LDWP
38575,PACE
36168,CISO-PGAE
37572,CISO-SDGE
38123,Arizona
38122,Arizona
39197,PSCO
39198,PSCO
37031,CISO-SCE
37908,NEVP
37909,NEVP
37530,CISO-SCE
38254,Arizona
38255,Arizona
36935,LDWP
37140,CISO-SCE
36609,CISO-SCE
37057,CISO-SCE
38574,PACE
35620,PGE
36927,CISO-SCE
38117,Arizona
38116,Arizona
37931,NEVP
37930,NEVP
36920,CISO-SCE
37350,CISO-SCE
36475,CISO-PGAE
37070,LDWP
38191,Arizona
38192,Arizona
39008,PSCO
37366,CISO-SCE
37612,CISO-SDGE
38241,Arizona
38240,Arizona
36936,CISO-SCE
37891,NEVP
37892,NEVP
36976,CISO-SCE
36145,CISO-PGAE
37128,CISO-SCE
37939,NEVP
37938,NEVP
37506,CISO-SDGE
36962,LDWP
37364,CISO-SCE
37058,CISO-SCE
38019,Arizona
38018,Arizona
36875,LDWP
36867,LDWP
37341,CISO-SCE
36957,LDWP
37103,CISO-SCE
